date,Mean Sale Price,state,Mean Home Value,mean,Metropolitan Area
2018-08-31,394588.0,"Bend, OR",381885.6673380665,1489.3681102448622,"Bend, OR"
2018-09-30,396351.0,"Bend, OR",383510.7506319305,1495.1708480814364,"Bend, OR"
2018-10-31,391015.0,"Bend, OR",384594.68496391736,1492.019209306001,"Bend, OR"
2018-11-30,385500.0,"Bend, OR",385442.6700860246,1483.6610938410454,"Bend, OR"
2018-12-31,384032.0,"Bend, OR",387043.5688064264,1482.1773635666991,"Bend, OR"
2019-01-31,385450.0,"Bend, OR",389061.77938897273,1477.8777212535033,"Bend, OR"
2019-02-28,387005.0,"Bend, OR",391209.6758951012,1487.8763683002755,"Bend, OR"
2019-03-31,385816.0,"Bend, OR",392926.5377021165,1507.321150771391,"Bend, OR"
2019-04-30,391605.0,"Bend, OR",393933.9960357191,1538.0431355836477,"Bend, OR"
2019-05-31,403056.0,"Bend, OR",394319.0507870447,1560.8979643732628,"Bend, OR"
2019-06-30,410268.0,"Bend, OR",394709.5922920232,1570.4344879127696,"Bend, OR"
2019-07-31,412774.0,"Bend, OR",395688.18698873447,1579.259608356853,"Bend, OR"
2019-08-31,415773.0,"Bend, OR",397573.093128764,1586.9790288224035,"Bend, OR"
2019-09-30,411332.0,"Bend, OR",399745.97357953625,1606.7432614894387,"Bend, OR"
2019-10-31,415872.0,"Bend, OR",402138.35898370825,1608.2931304583497,"Bend, OR"
2019-11-30,407555.0,"Bend, OR",404880.3401796194,1599.173341612913,"Bend, OR"
2019-12-31,411134.0,"Bend, OR",407768.1015371185,1594.608141733285,"Bend, OR"
2020-01-31,409945.0,"Bend, OR",411613.9039292654,1589.0702403417922,"Bend, OR"
2020-02-29,414596.0,"Bend, OR",415578.26386503625,1605.4636440310398,"Bend, OR"
2020-03-31,423019.0,"Bend, OR",419776.8558435365,1603.859760986579,"Bend, OR"
2020-04-30,424185.0,"Bend, OR",422996.66333496623,1601.316510337575,"Bend, OR"
2020-05-31,424489.0,"Bend, OR",424858.5398446132,1603.6111362265503,"Bend, OR"
2020-06-30,422008.0,"Bend, OR",425523.7023641962,1613.6821080010857,"Bend, OR"
2020-07-31,434006.0,"Bend, OR",425995.7758548145,1667.6498972655113,"Bend, OR"
2020-08-31,441862.0,"Bend, OR",428436.555050816,1706.8298476229616,"Bend, OR"
2020-09-30,458397.0,"Bend, OR",433547.3296775838,1773.2790856993072,"Bend, OR"
2020-10-31,460735.0,"Bend, OR",441474.0459332655,1797.027283501286,"Bend, OR"
2020-11-30,476466.0,"Bend, OR",452034.5545484173,1839.267855866021,"Bend, OR"
2020-12-31,482820.0,"Bend, OR",463916.63522886735,1862.4986411163425,"Bend, OR"
2021-01-31,501151.0,"Bend, OR",476641.2965022168,1895.946223920902,"Bend, OR"
2021-02-28,516209.0,"Bend, OR",489860.0103834712,1909.9375679980408,"Bend, OR"
2021-03-31,525264.0,"Bend, OR",504929.7694213583,1917.396186544369,"Bend, OR"
2021-04-30,533403.0,"Bend, OR",522031.44098271866,1964.083430848425,"Bend, OR"
2021-05-31,543068.0,"Bend, OR",540323.973963693,2045.7124280210824,"Bend, OR"
2021-06-30,560706.0,"Bend, OR",556948.8902125334,2136.541695065171,"Bend, OR"
2021-07-31,572306.0,"Bend, OR",570565.5853593423,2195.548244170892,"Bend, OR"
2021-08-31,576116.0,"Bend, OR",579669.1301556815,2218.7614689161696,"Bend, OR"
2021-09-30,581064.0,"Bend, OR",586018.7552112227,2207.327536133117,"Bend, OR"
2021-10-31,587227.0,"Bend, OR",590947.1315042163,2165.5024394770817,"Bend, OR"
2021-11-30,606256.0,"Bend, OR",596352.7976622026,2103.3787657251783,"Bend, OR"
2021-12-31,604890.0,"Bend, OR",602113.7184811762,2083.5926736135925,"Bend, OR"
2022-01-31,615272.0,"Bend, OR",609644.1272004641,2085.2683543853123,"Bend, OR"
2022-02-28,624657.0,"Bend, OR",620137.9020942961,2096.447611769114,"Bend, OR"
2022-03-31,645291.0,"Bend, OR",633865.6567119322,2099.573804881225,"Bend, OR"
2022-04-30,662239.0,"Bend, OR",647970.7326210199,2127.350814514442,"Bend, OR"
2022-05-31,664447.0,"Bend, OR",659650.4330454861,2176.604355423537,"Bend, OR"
2022-06-30,661319.0,"Bend, OR",666757.5296548448,2208.768099715972,"Bend, OR"
2022-07-31,647690.0,"Bend, OR",666368.9770229763,2234.314857392809,"Bend, OR"
2022-08-31,642783.0,"Bend, OR",658721.2080703578,2246.245356635355,"Bend, OR"
2022-09-30,647309.0,"Bend, OR",646456.9437140403,2241.378023733695,"Bend, OR"
2022-10-31,643411.0,"Bend, OR",635491.0831043989,2213.2028953728777,"Bend, OR"
2022-11-30,627834.0,"Bend, OR",626498.018436412,2179.173133406327,"Bend, OR"
2022-12-31,593892.0,"Bend, OR",618383.3120605398,2172.1989188821376,"Bend, OR"
2023-01-31,574398.0,"Bend, OR",611667.7495138055,2152.385875225291,"Bend, OR"
2018-08-31,505476.0,"Boulder, CO",550203.771977915,1765.815097086297,"Boulder, CO"
2018-09-30,505590.0,"Boulder, CO",551666.8109539278,1762.0362000942491,"Boulder, CO"
2018-10-31,509584.0,"Boulder, CO",553414.3205952286,1754.7827369530503,"Boulder, CO"
2018-11-30,508810.0,"Boulder, CO",555095.8868927687,1752.127226536378,"Boulder, CO"
2018-12-31,520126.0,"Boulder, CO",556719.1854898661,1746.837844007578,"Boulder, CO"
2019-01-31,517171.0,"Boulder, CO",557772.1386588315,1753.7243268019995,"Boulder, CO"
2019-02-28,530594.0,"Boulder, CO",558886.6137791345,1764.1495333788291,"Boulder, CO"
2019-03-31,508408.0,"Boulder, CO",560574.2703071352,1777.3338915320728,"Boulder, CO"
2019-04-30,523473.0,"Boulder, CO",562236.9458286099,1786.6117887975258,"Boulder, CO"
2019-05-31,527830.0,"Boulder, CO",563072.4403348464,1803.1282655467849,"Boulder, CO"
2019-06-30,536837.0,"Boulder, CO",563574.3155725962,1810.9302961964927,"Boulder, CO"
2019-07-31,527643.0,"Boulder, CO",564493.7163766291,1815.8381414840744,"Boulder, CO"
2019-08-31,523617.0,"Boulder, CO",566363.206967756,1809.9398125993544,"Boulder, CO"
2019-09-30,524128.0,"Boulder, CO",568115.3521855486,1807.7879893003608,"Boulder, CO"
2019-10-31,523722.0,"Boulder, CO",570056.2725173589,1813.4903501220035,"Boulder, CO"
2019-11-30,524013.0,"Boulder, CO",572354.9785547665,1816.438625527202,"Boulder, CO"
2019-12-31,522516.0,"Boulder, CO",574962.0445362305,1816.748283026856,"Boulder, CO"
2020-01-31,524556.0,"Boulder, CO",578562.3292974767,1815.587846290917,"Boulder, CO"
2020-02-29,525630.0,"Boulder, CO",582655.5222887751,1820.382786411703,"Boulder, CO"
2020-03-31,531821.0,"Boulder, CO",587047.5790906453,1837.3814817869768,"Boulder, CO"
2020-04-30,536878.0,"Boulder, CO",590662.7072371516,1824.7794903222696,"Boulder, CO"
2020-05-31,530404.0,"Boulder, CO",591704.5407875302,1817.0696703022784,"Boulder, CO"
2020-06-30,518956.0,"Boulder, CO",590823.4624395272,1809.8075971571104,"Boulder, CO"
2020-07-31,519390.0,"Boulder, CO",589766.620533375,1827.5085514924413,"Boulder, CO"
2020-08-31,541754.0,"Boulder, CO",591286.6082816217,1835.1917623984148,"Boulder, CO"
2020-09-30,567873.0,"Boulder, CO",596372.5275153072,1836.01210611118,"Boulder, CO"
2020-10-31,579236.0,"Boulder, CO",603094.1378187275,1831.7790437532208,"Boulder, CO"
2020-11-30,579581.0,"Boulder, CO",610763.7406226026,1831.038275296935,"Boulder, CO"
2020-12-31,572951.0,"Boulder, CO",617386.5149323151,1830.6398377769212,"Boulder, CO"
2021-01-31,570207.0,"Boulder, CO",623842.0111529104,1841.167465677769,"Boulder, CO"
2021-02-28,564953.0,"Boulder, CO",630671.365281761,1848.93123981804,"Boulder, CO"
2021-03-31,572027.0,"Boulder, CO",639174.480482357,1873.188942378532,"Boulder, CO"
2021-04-30,609068.0,"Boulder, CO",649007.6570682313,1897.4148718845213,"Boulder, CO"
2021-05-31,628530.0,"Boulder, CO",660076.0885352073,1932.4357184482249,"Boulder, CO"
2021-06-30,648479.0,"Boulder, CO",671447.7147846614,1980.2004962236329,"Boulder, CO"
2021-07-31,635222.0,"Boulder, CO",680708.0232997183,2010.4928476299397,"Boulder, CO"
2021-08-31,639471.0,"Boulder, CO",685608.4535557894,2047.7529065575784,"Boulder, CO"
2021-09-30,627756.0,"Boulder, CO",686971.771483036,2047.4232889034624,"Boulder, CO"
2021-10-31,642072.0,"Boulder, CO",688343.3924768575,2052.644804854486,"Boulder, CO"
2021-11-30,654920.0,"Boulder, CO",692647.7501781374,2040.6778068285676,"Boulder, CO"
2021-12-31,663446.0,"Boulder, CO",699102.2961935195,2046.169998199168,"Boulder, CO"
2022-01-31,649973.0,"Boulder, CO",709372.3723557992,2064.291999797196,"Boulder, CO"
2022-02-28,670685.0,"Boulder, CO",722684.880159366,2086.661108559098,"Boulder, CO"
2022-03-31,706722.0,"Boulder, CO",738875.1023655884,2119.380778890456,"Boulder, CO"
2022-04-30,734649.0,"Boulder, CO",753752.3363333667,2143.638654700804,"Boulder, CO"
2022-05-31,757170.0,"Boulder, CO",765487.3774056897,2142.4370917025008,"Boulder, CO"
2022-06-30,758696.0,"Boulder, CO",771202.6998461249,2151.855824312113,"Boulder, CO"
2022-07-31,755819.0,"Boulder, CO",769612.6327890096,2149.0689669566555,"Boulder, CO"
2022-08-31,731569.0,"Boulder, CO",761952.9627586389,2183.857692442433,"Boulder, CO"
2022-09-30,723723.0,"Boulder, CO",752430.793007272,2191.4085324520724,"Boulder, CO"
2022-10-31,716995.0,"Boulder, CO",745440.4511903735,2202.5574437241817,"Boulder, CO"
2022-11-30,701208.0,"Boulder, CO",740750.9827203652,2199.0814979063584,"Boulder, CO"
2022-12-31,707548.0,"Boulder, CO",736495.3781835429,2190.4086006886905,"Boulder, CO"
2023-01-31,708872.0,"Boulder, CO",732574.6117540282,2198.929196574973,"Boulder, CO"
2018-08-31,553803.0,"Breckenridge, CO",635792.3608137924,1194.791739821124,"Breckenridge, CO"
2018-09-30,544886.0,"Breckenridge, CO",641761.807597581,1196.6343499291959,"Breckenridge, CO"
2018-10-31,537083.0,"Breckenridge, CO",645924.1051123315,1195.9794924273572,"Breckenridge, CO"
2018-11-30,521937.0,"Breckenridge, CO",649230.0884593637,1196.3616058706464,"Breckenridge, CO"
2018-12-31,550103.0,"Breckenridge, CO",652056.0567129761,1198.7328529478189,"Breckenridge, CO"
2019-01-31,549198.0,"Breckenridge, CO",655344.0495384716,1200.1217237244005,"Breckenridge, CO"
2019-02-28,554661.0,"Breckenridge, CO",658793.2159402609,1204.958861631383,"Breckenridge, CO"
2019-03-31,556760.0,"Breckenridge, CO",663114.899708774,1211.6093654366305,"Breckenridge, CO"
2019-04-30,560179.0,"Breckenridge, CO",668103.5045215058,1219.5212953351756,"Breckenridge, CO"
2019-05-31,552321.0,"Breckenridge, CO",671762.8489655751,1227.6123936280585,"Breckenridge, CO"
2019-06-30,537448.0,"Breckenridge, CO",675110.9346714924,1234.1156058452489,"Breckenridge, CO"
2019-07-31,559055.0,"Breckenridge, CO",677755.4472505898,1238.6032866120681,"Breckenridge, CO"
2019-08-31,612002.0,"Breckenridge, CO",681373.9571263533,1240.5423782665612,"Breckenridge, CO"
2019-09-30,635193.0,"Breckenridge, CO",684728.6491756346,1243.9945257673492,"Breckenridge, CO"
2019-10-31,614526.0,"Breckenridge, CO",686708.3490039353,1243.5622923678216,"Breckenridge, CO"
2019-11-30,592443.0,"Breckenridge, CO",687798.2740858826,1244.1322865996028,"Breckenridge, CO"
2019-12-31,589815.0,"Breckenridge, CO",688671.3073285624,1244.8171707968245,"Breckenridge, CO"
2020-01-31,602728.0,"Breckenridge, CO",689829.0888024485,1248.0350844652296,"Breckenridge, CO"
2020-02-29,597285.0,"Breckenridge, CO",690764.8178105069,1254.832067357102,"Breckenridge, CO"
2020-03-31,605912.0,"Breckenridge, CO",692169.4153228275,1260.1476233110932,"Breckenridge, CO"
2020-04-30,611095.0,"Breckenridge, CO",696130.2746989405,1257.747031214701,"Breckenridge, CO"
2020-05-31,632351.0,"Breckenridge, CO",699432.2169660418,1255.3571575280914,"Breckenridge, CO"
2020-06-30,617327.0,"Breckenridge, CO",703567.5755996276,1259.2441445532259,"Breckenridge, CO"
2020-07-31,624428.0,"Breckenridge, CO",706875.0276445908,1271.0477783622705,"Breckenridge, CO"
2020-08-31,621882.0,"Breckenridge, CO",712437.5191628337,1268.6644185119287,"Breckenridge, CO"
2020-09-30,658478.0,"Breckenridge, CO",718850.3710737313,1278.861939580466,"Breckenridge, CO"
2020-10-31,660277.0,"Breckenridge, CO",728694.6101858881,1294.5033818874197,"Breckenridge, CO"
2020-11-30,656039.0,"Breckenridge, CO",740145.1138372524,1297.61651344564,"Breckenridge, CO"
2020-12-31,633066.0,"Breckenridge, CO",753421.9793134808,1300.328546500122,"Breckenridge, CO"
2021-01-31,651695.0,"Breckenridge, CO",765734.4204113651,1305.6506014695647,"Breckenridge, CO"
2021-02-28,654629.0,"Breckenridge, CO",778591.6047378547,1314.66059591148,"Breckenridge, CO"
2021-03-31,680798.0,"Breckenridge, CO",791124.2393047457,1327.0391718833382,"Breckenridge, CO"
2021-04-30,679908.0,"Breckenridge, CO",805826.5670626127,1338.235691302505,"Breckenridge, CO"
2021-05-31,710414.0,"Breckenridge, CO",824670.1175589174,1359.802038723619,"Breckenridge, CO"
2021-06-30,737649.0,"Breckenridge, CO",845293.0833336245,1381.6819841475576,"Breckenridge, CO"
2021-07-31,781600.0,"Breckenridge, CO",864664.2789588557,1402.7323635435023,"Breckenridge, CO"
2021-08-31,806140.0,"Breckenridge, CO",880997.7025165538,1430.7782336978373,"Breckenridge, CO"
2021-09-30,828775.0,"Breckenridge, CO",898129.7903377145,1444.4170231466753,"Breckenridge, CO"
2021-10-31,816725.0,"Breckenridge, CO",918079.015250132,1453.582446964052,"Breckenridge, CO"
2021-11-30,842810.0,"Breckenridge, CO",938655.4053222808,1451.8695250906019,"Breckenridge, CO"
2021-12-31,877264.0,"Breckenridge, CO",957159.0674555114,1454.552235991721,"Breckenridge, CO"
2022-01-31,888950.0,"Breckenridge, CO",974095.1445525396,1459.1570015228913,"Breckenridge, CO"
2022-02-28,928482.0,"Breckenridge, CO",994057.3349389863,1464.0190453047612,"Breckenridge, CO"
2022-03-31,869615.0,"Breckenridge, CO",1018403.53885182,1471.5929644491086,"Breckenridge, CO"
2022-04-30,880418.0,"Breckenridge, CO",1043284.745154136,1491.967133646245,"Breckenridge, CO"
2022-05-31,953863.0,"Breckenridge, CO",1065239.1764315031,1506.6359894592008,"Breckenridge, CO"
2022-06-30,1038773.0,"Breckenridge, CO",1078131.0282131473,1520.155474505414,"Breckenridge, CO"
2022-07-31,1052802.0,"Breckenridge, CO",1078021.3271500554,1527.7968029119174,"Breckenridge, CO"
2022-08-31,960244.0,"Breckenridge, CO",1066549.881449781,1529.944254611863,"Breckenridge, CO"
2022-09-30,954377.0,"Breckenridge, CO",1049759.5866152558,1535.5001092890668,"Breckenridge, CO"
2022-10-31,915487.0,"Breckenridge, CO",1036594.5199910504,1528.841167890732,"Breckenridge, CO"
2022-11-30,968988.0,"Breckenridge, CO",1022213.307168061,1519.481975554628,"Breckenridge, CO"
2022-12-31,983909.0,"Breckenridge, CO",1004671.025236678,1516.353643257767,"Breckenridge, CO"
2023-01-31,1023962.0,"Breckenridge, CO",981246.5226099212,3950.086553110212,"Breckenridge, CO"
2018-08-31,610004.0,"Edwards, CO",594208.2983754268,1194.791739821124,"Edwards, CO"
2018-09-30,626562.0,"Edwards, CO",598722.8643982811,1196.6343499291959,"Edwards, CO"
2018-10-31,647121.0,"Edwards, CO",602622.2373190429,1195.9794924273572,"Edwards, CO"
2018-11-30,639360.0,"Edwards, CO",605564.8658686433,1196.3616058706464,"Edwards, CO"
2018-12-31,631060.0,"Edwards, CO",607449.7467716435,1198.7328529478189,"Edwards, CO"
2019-01-31,599824.0,"Edwards, CO",608063.885169708,1200.1217237244005,"Edwards, CO"
2019-02-28,573280.0,"Edwards, CO",607629.8299199425,1204.958861631383,"Edwards, CO"
2019-03-31,576205.0,"Edwards, CO",607654.1144085322,1211.6093654366305,"Edwards, CO"
2019-04-30,639072.0,"Edwards, CO",608359.8592574169,1219.5212953351756,"Edwards, CO"
2019-05-31,654417.0,"Edwards, CO",609548.7647631485,1227.6123936280585,"Edwards, CO"
2019-06-30,668085.0,"Edwards, CO",611063.6027990886,1234.1156058452489,"Edwards, CO"
2019-07-31,660225.0,"Edwards, CO",613411.6331821666,1238.6032866120681,"Edwards, CO"
2019-08-31,687072.0,"Edwards, CO",616815.7065743812,1240.5423782665612,"Edwards, CO"
2019-09-30,683593.0,"Edwards, CO",620536.3469027393,1243.9945257673492,"Edwards, CO"
2019-10-31,654490.0,"Edwards, CO",623814.430331626,1243.5622923678216,"Edwards, CO"
2019-11-30,638624.0,"Edwards, CO",626688.1405504231,1244.1322865996028,"Edwards, CO"
2019-12-31,664802.0,"Edwards, CO",629212.6900311391,1244.8171707968245,"Edwards, CO"
2020-01-31,673952.0,"Edwards, CO",627639.8331193067,1248.0350844652296,"Edwards, CO"
2020-02-29,679656.0,"Edwards, CO",624461.3550224459,1254.832067357102,"Edwards, CO"
2020-03-31,661770.0,"Edwards, CO",620783.7426350177,1260.1476233110932,"Edwards, CO"
2020-04-30,653027.0,"Edwards, CO",621022.1069946378,1257.747031214701,"Edwards, CO"
2020-05-31,722556.0,"Edwards, CO",620647.0475476565,1255.3571575280914,"Edwards, CO"
2020-06-30,710919.0,"Edwards, CO",619460.8899378722,1259.2441445532259,"Edwards, CO"
2020-07-31,747310.0,"Edwards, CO",619308.2324822764,1271.0477783622705,"Edwards, CO"
2020-08-31,731255.0,"Edwards, CO",622118.2436040221,1268.6644185119287,"Edwards, CO"
2020-09-30,834045.0,"Edwards, CO",629079.9391713889,1278.861939580466,"Edwards, CO"
2020-10-31,875277.0,"Edwards, CO",194845.49576804758,1294.5033818874197,"Edwards, CO"
2020-11-30,892383.0,"Edwards, CO",197906.7698878092,1297.61651344564,"Edwards, CO"
2020-12-31,849308.0,"Edwards, CO",200436.8099858553,1300.328546500122,"Edwards, CO"
2021-01-31,839500.0,"Edwards, CO",740259.9735025186,1305.6506014695647,"Edwards, CO"
2021-02-28,937512.0,"Edwards, CO",766780.154320647,1314.66059591148,"Edwards, CO"
2021-03-31,874782.0,"Edwards, CO",791100.8895225627,1327.0391718833382,"Edwards, CO"
2021-04-30,857342.0,"Edwards, CO",814464.7367046588,1338.235691302505,"Edwards, CO"
2021-05-31,717215.0,"Edwards, CO",840526.7771523944,1359.802038723619,"Edwards, CO"
2021-06-30,756644.0,"Edwards, CO",865304.2425153335,1381.6819841475576,"Edwards, CO"
2021-07-31,774022.0,"Edwards, CO",885746.5122479101,1402.7323635435023,"Edwards, CO"
2021-08-31,798842.0,"Edwards, CO",902013.499318811,1430.7782336978373,"Edwards, CO"
2021-09-30,760540.0,"Edwards, CO",918146.3972790968,1444.4170231466753,"Edwards, CO"
2021-10-31,781937.0,"Edwards, CO",936628.3986224034,1453.582446964052,"Edwards, CO"
2021-11-30,799214.0,"Edwards, CO",956357.071412258,1451.8695250906019,"Edwards, CO"
2021-12-31,837758.0,"Edwards, CO",976528.267106407,1454.552235991721,"Edwards, CO"
2022-01-31,803993.0,"Edwards, CO",997747.8496403528,1459.1570015228913,"Edwards, CO"
2022-02-28,797840.0,"Edwards, CO",1022876.4740155037,1464.0190453047612,"Edwards, CO"
2022-03-31,853691.0,"Edwards, CO",1051857.6541265235,1471.5929644491086,"Edwards, CO"
2022-04-30,877765.0,"Edwards, CO",1082341.201776743,1491.967133646245,"Edwards, CO"
2022-05-31,958503.0,"Edwards, CO",1111305.3099505869,1506.6359894592008,"Edwards, CO"
2022-06-30,956807.0,"Edwards, CO",1134869.653244757,1520.155474505414,"Edwards, CO"
2022-07-31,983201.0,"Edwards, CO",1147647.9064220348,1527.7968029119174,"Edwards, CO"
2022-08-31,932830.0,"Edwards, CO",1148224.2166653706,1529.944254611863,"Edwards, CO"
2022-09-30,898580.0,"Edwards, CO",1142334.2748481703,1535.5001092890668,"Edwards, CO"
2022-10-31,907557.0,"Edwards, CO",1140565.8347395866,1528.841167890732,"Edwards, CO"
2022-11-30,945592.0,"Edwards, CO",1142085.7972679187,1519.481975554628,"Edwards, CO"
2022-12-31,917086.0,"Edwards, CO",1142513.9151938644,1516.353643257767,"Edwards, CO"
2023-01-31,882700.0,"Edwards, CO",1139209.9679264056,1513.916088084984,"Edwards, CO"
2018-08-31,627525.0,"Kahului, HI",598570.533769377,1194.791739821124,"Kahului, HI"
2018-09-30,643799.0,"Kahului, HI",601540.9383919318,1196.6343499291959,"Kahului, HI"
2018-10-31,620973.0,"Kahului, HI",604424.5811477088,1195.9794924273572,"Kahului, HI"
2018-11-30,621968.0,"Kahului, HI",606870.45268089,1196.3616058706464,"Kahului, HI"
2018-12-31,622280.0,"Kahului, HI",609183.0167762261,1198.7328529478189,"Kahului, HI"
2019-01-31,640730.0,"Kahului, HI",610223.908561124,1200.1217237244005,"Kahului, HI"
2019-02-28,648963.0,"Kahului, HI",611954.6579913269,1204.958861631383,"Kahului, HI"
2019-03-31,626371.0,"Kahului, HI",614185.8724435904,1211.6093654366305,"Kahului, HI"
2019-04-30,596555.0,"Kahului, HI",618506.6879554619,1219.5212953351756,"Kahului, HI"
2019-05-31,589921.0,"Kahului, HI",623621.5042399853,1227.6123936280585,"Kahului, HI"
2019-06-30,602814.0,"Kahului, HI",628634.5234649015,1234.1156058452489,"Kahului, HI"
2019-07-31,617804.0,"Kahului, HI",632783.4209139565,1238.6032866120681,"Kahului, HI"
2019-08-31,628826.0,"Kahului, HI",634525.4843242649,1240.5423782665612,"Kahului, HI"
2019-09-30,634003.0,"Kahului, HI",635598.7314736327,1243.9945257673492,"Kahului, HI"
2019-10-31,648738.0,"Kahului, HI",637217.6031616437,1243.5622923678216,"Kahului, HI"
2019-11-30,629689.0,"Kahului, HI",640464.9745097462,1244.1322865996028,"Kahului, HI"
2019-12-31,628974.0,"Kahului, HI",644107.471084456,1244.8171707968245,"Kahului, HI"
2020-01-31,635728.0,"Kahului, HI",647851.8423982268,1248.0350844652296,"Kahului, HI"
2020-02-29,649170.0,"Kahului, HI",651767.4040240273,1254.832067357102,"Kahului, HI"
2020-03-31,642912.0,"Kahului, HI",656000.2012152467,1260.1476233110932,"Kahului, HI"
2020-04-30,648066.0,"Kahului, HI",659799.2582278427,1257.747031214701,"Kahului, HI"
2020-05-31,644893.0,"Kahului, HI",661709.4153780937,1255.3571575280914,"Kahului, HI"
2020-06-30,661480.0,"Kahului, HI",662224.6038111611,1259.2441445532259,"Kahului, HI"
2020-07-31,657697.0,"Kahului, HI",662875.4941845207,1271.0477783622705,"Kahului, HI"
2020-08-31,668950.0,"Kahului, HI",666420.5809194184,1268.6644185119287,"Kahului, HI"
2020-09-30,684132.0,"Kahului, HI",673517.5371699206,1278.861939580466,"Kahului, HI"
2020-10-31,716835.0,"Kahului, HI",683111.3973380788,1294.5033818874197,"Kahului, HI"
2020-11-30,728933.0,"Kahului, HI",694112.6492128231,1297.61651344564,"Kahului, HI"
2020-12-31,732236.0,"Kahului, HI",704925.9306231657,1300.328546500122,"Kahului, HI"
2021-01-31,727982.0,"Kahului, HI",713952.114946979,1305.6506014695647,"Kahului, HI"
2021-02-28,728183.0,"Kahului, HI",722096.1857437937,1314.66059591148,"Kahului, HI"
2021-03-31,753168.0,"Kahului, HI",729616.0358954301,2776.2935069458167,"Kahului, HI"
2021-04-30,769687.0,"Kahului, HI",738091.5217593573,2802.2729321039924,"Kahului, HI"
2021-05-31,782882.0,"Kahului, HI",747830.7915175911,2719.788069763378,"Kahului, HI"
2021-06-30,774080.0,"Kahului, HI",758702.8586976345,2817.4569204120457,"Kahului, HI"
2021-07-31,771741.0,"Kahului, HI",769711.217426674,2958.6522762143154,"Kahului, HI"
2021-08-31,788255.0,"Kahului, HI",777689.4949081545,2986.5761557985707,"Kahului, HI"
2021-09-30,816581.0,"Kahului, HI",786066.023954047,2933.062103329154,"Kahului, HI"
2021-10-31,835150.0,"Kahului, HI",796225.307537144,2888.9879510391897,"Kahului, HI"
2021-11-30,856302.0,"Kahului, HI",810072.4986686247,3028.878093511913,"Kahului, HI"
2021-12-31,870980.0,"Kahului, HI",825092.0059560542,3100.594578769545,"Kahului, HI"
2022-01-31,879930.0,"Kahului, HI",846405.1043240359,3233.359535343248,"Kahului, HI"
2022-02-28,878088.0,"Kahului, HI",873774.9156508757,3275.109290434478,"Kahului, HI"
2022-03-31,875877.0,"Kahului, HI",906190.856375142,3329.5661915878645,"Kahului, HI"
2022-04-30,914141.0,"Kahului, HI",935547.0300694428,3267.108049208045,"Kahului, HI"
2022-05-31,938241.0,"Kahului, HI",960690.3255091374,3192.3298271567137,"Kahului, HI"
2022-06-30,962837.0,"Kahului, HI",980071.8479747734,3235.400392967568,"Kahului, HI"
2022-07-31,943707.0,"Kahului, HI",990115.4780466424,3270.409512101072,"Kahului, HI"
2022-08-31,933824.0,"Kahului, HI",990469.636013152,3317.5777698365823,"Kahului, HI"
2022-09-30,913402.0,"Kahului, HI",984975.277909894,3275.664645694388,"Kahului, HI"
2022-10-31,920489.0,"Kahului, HI",980503.6322115957,3326.5721839205075,"Kahului, HI"
2022-11-30,974463.0,"Kahului, HI",979276.0524184684,3402.50943562405,"Kahului, HI"
2022-12-31,997532.0,"Kahului, HI",976760.5598080368,3463.3052469979807,"Kahului, HI"
2023-01-31,979433.0,"Kahului, HI",973401.1788412646,3384.407227841775,"Kahului, HI"
2018-08-31,316775.0,"Kalispell, MT",306244.69926661474,1194.791739821124,"Kalispell, MT"
2018-09-30,307955.0,"Kalispell, MT",307366.12811320234,1196.6343499291959,"Kalispell, MT"
2018-10-31,313524.0,"Kalispell, MT",307891.1604951248,1195.9794924273572,"Kalispell, MT"
2018-11-30,325889.0,"Kalispell, MT",308504.42605709285,1196.3616058706464,"Kalispell, MT"
2018-12-31,336943.0,"Kalispell, MT",309397.28196483286,1198.7328529478189,"Kalispell, MT"
2019-01-31,336393.0,"Kalispell, MT",311154.66756737354,1200.1217237244005,"Kalispell, MT"
2019-02-28,317421.0,"Kalispell, MT",313808.9089165291,1204.958861631383,"Kalispell, MT"
2019-03-31,317862.0,"Kalispell, MT",317361.13534834085,1211.6093654366305,"Kalispell, MT"
2019-04-30,312521.0,"Kalispell, MT",320421.04775313847,1219.5212953351756,"Kalispell, MT"
2019-05-31,326527.0,"Kalispell, MT",322733.102606434,1227.6123936280585,"Kalispell, MT"
2019-06-30,327993.0,"Kalispell, MT",324693.6137827612,1234.1156058452489,"Kalispell, MT"
2019-07-31,336452.0,"Kalispell, MT",326939.1613024083,1238.6032866120681,"Kalispell, MT"
2019-08-31,321541.0,"Kalispell, MT",329181.4765207491,1240.5423782665612,"Kalispell, MT"
2019-09-30,327096.0,"Kalispell, MT",331137.97313114634,1243.9945257673492,"Kalispell, MT"
2019-10-31,338363.0,"Kalispell, MT",332487.34034208936,1243.5622923678216,"Kalispell, MT"
2019-11-30,342419.0,"Kalispell, MT",333898.16186072555,1244.1322865996028,"Kalispell, MT"
2019-12-31,344073.0,"Kalispell, MT",335259.9859781821,1244.8171707968245,"Kalispell, MT"
2020-01-31,332771.0,"Kalispell, MT",337322.1118650798,1248.0350844652296,"Kalispell, MT"
2020-02-29,343708.0,"Kalispell, MT",340526.59609189484,1254.832067357102,"Kalispell, MT"
2020-03-31,337306.0,"Kalispell, MT",344884.1526483373,1260.1476233110932,"Kalispell, MT"
2020-04-30,345131.0,"Kalispell, MT",348997.4056573455,1257.747031214701,"Kalispell, MT"
2020-05-31,350084.0,"Kalispell, MT",351256.2190279344,1255.3571575280914,"Kalispell, MT"
2020-06-30,347429.0,"Kalispell, MT",352030.35006758524,1259.2441445532259,"Kalispell, MT"
2020-07-31,357822.0,"Kalispell, MT",353081.79352531605,1271.0477783622705,"Kalispell, MT"
2020-08-31,370938.0,"Kalispell, MT",356032.9077086378,1268.6644185119287,"Kalispell, MT"
2020-09-30,402635.0,"Kalispell, MT",361378.9838243951,1278.861939580466,"Kalispell, MT"
2020-10-31,427166.0,"Kalispell, MT",368722.8314616005,1294.5033818874197,"Kalispell, MT"
2020-11-30,437648.0,"Kalispell, MT",378094.1987454626,1297.61651344564,"Kalispell, MT"
2020-12-31,426531.0,"Kalispell, MT",388983.1030440706,1300.328546500122,"Kalispell, MT"
2021-01-31,411344.0,"Kalispell, MT",399442.9646719897,1305.6506014695647,"Kalispell, MT"
2021-02-28,414787.0,"Kalispell, MT",409364.22254404967,1314.66059591148,"Kalispell, MT"
2021-03-31,442187.0,"Kalispell, MT",419125.1373734479,1327.0391718833382,"Kalispell, MT"
2021-04-30,489514.0,"Kalispell, MT",430749.3431988608,1338.235691302505,"Kalispell, MT"
2021-05-31,515441.0,"Kalispell, MT",443572.37386709714,1359.802038723619,"Kalispell, MT"
2021-06-30,533218.0,"Kalispell, MT",456539.9398185841,1381.6819841475576,"Kalispell, MT"
2021-07-31,521645.0,"Kalispell, MT",467493.9072500228,1402.7323635435023,"Kalispell, MT"
2021-08-31,524709.0,"Kalispell, MT",477059.3393781101,1430.7782336978373,"Kalispell, MT"
2021-09-30,528522.0,"Kalispell, MT",485476.5760929396,1444.4170231466753,"Kalispell, MT"
2021-10-31,538908.0,"Kalispell, MT",493728.3808378614,1453.582446964052,"Kalispell, MT"
2021-11-30,538436.0,"Kalispell, MT",502226.17201320775,1451.8695250906019,"Kalispell, MT"
2021-12-31,558234.0,"Kalispell, MT",511329.7326573247,1454.552235991721,"Kalispell, MT"
2022-01-31,572996.0,"Kalispell, MT",524029.82307439885,1753.2518155612916,"Kalispell, MT"
2022-02-28,584268.0,"Kalispell, MT",539707.9568874618,1870.277262769124,"Kalispell, MT"
2022-03-31,576374.0,"Kalispell, MT",558187.5250021978,1801.3888369817882,"Kalispell, MT"
2022-04-30,594971.0,"Kalispell, MT",577145.7290268306,1846.5361313910155,"Kalispell, MT"
2022-05-31,618336.0,"Kalispell, MT",593730.4993955257,1889.9149588105288,"Kalispell, MT"
2022-06-30,650190.0,"Kalispell, MT",605911.4055164931,1896.0320660259424,"Kalispell, MT"
2022-07-31,630544.0,"Kalispell, MT",609591.3667968678,1911.646622571301,"Kalispell, MT"
2022-08-31,615286.0,"Kalispell, MT",607066.849120837,1921.2234892545616,"Kalispell, MT"
2022-09-30,576818.0,"Kalispell, MT",599994.4869880992,1992.1546027995275,"Kalispell, MT"
2022-10-31,564575.0,"Kalispell, MT",592952.7728382698,1993.069986094748,"Kalispell, MT"
2022-11-30,566499.0,"Kalispell, MT",585932.6320076043,1910.861698715136,"Kalispell, MT"
2022-12-31,571787.0,"Kalispell, MT",578788.8425737716,1835.94358221972,"Kalispell, MT"
2023-01-31,570889.0,"Kalispell, MT",574821.5110708802,1820.2854030913747,"Kalispell, MT"
2018-08-31,508963.0,"Key West, FL",527693.6065726505,2593.7894006007846,"Key West, FL"
2018-09-30,513082.0,"Key West, FL",531482.7117820936,2581.018536316104,"Key West, FL"
2018-10-31,540633.0,"Key West, FL",535964.0927409122,2625.2411331476387,"Key West, FL"
2018-11-30,544138.0,"Key West, FL",540888.0181746157,2624.2559109821227,"Key West, FL"
2018-12-31,531626.0,"Key West, FL",547468.2341359621,2683.801631292289,"Key West, FL"
2019-01-31,526440.0,"Key West, FL",550110.9273161647,2644.858940343508,"Key West, FL"
2019-02-28,527754.0,"Key West, FL",548710.2064552124,2651.262714904888,"Key West, FL"
2019-03-31,546022.0,"Key West, FL",543923.123944114,2636.444043767799,"Key West, FL"
2019-04-30,531904.0,"Key West, FL",541264.3630952586,2640.311593869269,"Key West, FL"
2019-05-31,538802.0,"Key West, FL",541023.4085286582,2631.10856393382,"Key West, FL"
2019-06-30,525152.0,"Key West, FL",542090.381315482,2647.7537939334966,"Key West, FL"
2019-07-31,536161.0,"Key West, FL",544116.986032169,2681.440645856196,"Key West, FL"
2019-08-31,520669.0,"Key West, FL",546297.3670639009,2689.552411934781,"Key West, FL"
2019-09-30,524342.0,"Key West, FL",548413.284122291,2808.49732384304,"Key West, FL"
2019-10-31,513123.0,"Key West, FL",550857.2918254505,2882.901702641044,"Key West, FL"
2019-11-30,536458.0,"Key West, FL",553969.0237752897,2957.1324679447825,"Key West, FL"
2019-12-31,554986.0,"Key West, FL",557670.5532993743,2835.668657173795,"Key West, FL"
2020-01-31,563263.0,"Key West, FL",562897.1045380692,2828.360580520048,"Key West, FL"
2020-02-29,561012.0,"Key West, FL",567965.3798496696,2809.089310632005,"Key West, FL"
2020-03-31,548964.0,"Key West, FL",572340.6992978292,2866.038228449163,"Key West, FL"
2020-04-30,554744.0,"Key West, FL",574089.0634947702,2876.214028777081,"Key West, FL"
2020-05-31,563158.0,"Key West, FL",574580.7971187468,2903.5158170779646,"Key West, FL"
2020-06-30,565041.0,"Key West, FL",575112.7537315958,2854.8648680658234,"Key West, FL"
2020-07-31,582479.0,"Key West, FL",576897.1889458741,2916.422444535873,"Key West, FL"
2020-08-31,589432.0,"Key West, FL",580985.7366464628,2925.669323318374,"Key West, FL"
2020-09-30,608915.0,"Key West, FL",587467.5022134635,2971.627637236075,"Key West, FL"
2020-10-31,627366.0,"Key West, FL",595932.8619174758,3012.722395895906,"Key West, FL"
2020-11-30,623607.0,"Key West, FL",607226.0620758639,3075.941726525952,"Key West, FL"
2020-12-31,631799.0,"Key West, FL",619127.6297139868,3051.0828204894274,"Key West, FL"
2021-01-31,616112.0,"Key West, FL",629890.8117268685,3058.2586076371754,"Key West, FL"
2021-02-28,646372.0,"Key West, FL",638075.4236734939,3091.784779251117,"Key West, FL"
2021-03-31,664077.0,"Key West, FL",646345.1362887471,3261.654692044757,"Key West, FL"
2021-04-30,667266.0,"Key West, FL",657858.166203219,3237.9898683319125,"Key West, FL"
2021-05-31,679507.0,"Key West, FL",673467.967651243,3312.9286703425278,"Key West, FL"
2021-06-30,689411.0,"Key West, FL",691711.6085639991,3318.985603160036,"Key West, FL"
2021-07-31,716270.0,"Key West, FL",708081.4680188425,3514.1883280572656,"Key West, FL"
2021-08-31,698237.0,"Key West, FL",720611.1579533921,3574.0601626906296,"Key West, FL"
2021-09-30,695052.0,"Key West, FL",730527.2032925455,3696.2335140293694,"Key West, FL"
2021-10-31,702926.0,"Key West, FL",741993.1540039539,3786.8419814223353,"Key West, FL"
2021-11-30,740772.0,"Key West, FL",756490.7208027801,3859.801503890244,"Key West, FL"
2021-12-31,770477.0,"Key West, FL",773618.272542728,3926.973616180695,"Key West, FL"
2022-01-31,776675.0,"Key West, FL",795186.5891607221,3787.716773050892,"Key West, FL"
2022-02-28,777421.0,"Key West, FL",821754.9459784934,3867.05767149985,"Key West, FL"
2022-03-31,775308.0,"Key West, FL",853177.0067022768,3854.385972328161,"Key West, FL"
2022-04-30,790392.0,"Key West, FL",885825.4068223085,3932.990020351077,"Key West, FL"
2022-05-31,845932.0,"Key West, FL",917738.862517776,3868.018076727478,"Key West, FL"
2022-06-30,867982.0,"Key West, FL",944148.7042267922,4040.899485541797,"Key West, FL"
2022-07-31,883303.0,"Key West, FL",958343.1847866868,4198.187155648957,"Key West, FL"
2022-08-31,860569.0,"Key West, FL",960655.8297557492,4454.241783922962,"Key West, FL"
2022-09-30,850075.0,"Key West, FL",955929.2757245704,4410.298562237126,"Key West, FL"
2022-10-31,856435.0,"Key West, FL",952654.2653831168,4447.707117603422,"Key West, FL"
2022-11-30,838592.0,"Key West, FL",951207.781034147,4394.777982251632,"Key West, FL"
2022-12-31,840218.0,"Key West, FL",949622.3673317266,4673.634416884238,"Key West, FL"
2023-01-31,851479.0,"Key West, FL",944552.6126097064,4781.493057542547,"Key West, FL"
2018-08-31,631226.0,"Los Angeles, CA",633145.8928307308,2314.797243867652,"Los Angeles, CA"
2018-09-30,627691.0,"Los Angeles, CA",640311.5176082482,2320.7611214443978,"Los Angeles, CA"
2018-10-31,629338.0,"Los Angeles, CA",647909.1395427057,2326.725241219112,"Los Angeles, CA"
2018-11-30,630193.0,"Los Angeles, CA",653271.3480073174,2330.813893634567,"Los Angeles, CA"
2018-12-31,628718.0,"Los Angeles, CA",656068.6308620198,2336.203771540269,"Los Angeles, CA"
2019-01-31,624524.0,"Los Angeles, CA",653834.2370725261,2341.504830161013,"Los Angeles, CA"
2019-02-28,621848.0,"Los Angeles, CA",648014.8896489386,2346.631977152077,"Los Angeles, CA"
2019-03-31,625020.0,"Los Angeles, CA",641041.1163886231,2353.4176898606192,"Los Angeles, CA"
2019-04-30,628934.0,"Los Angeles, CA",636714.7475440283,2363.1686959334206,"Los Angeles, CA"
2019-05-31,629119.0,"Los Angeles, CA",634577.7547869361,2373.1360238140555,"Los Angeles, CA"
2019-06-30,630231.0,"Los Angeles, CA",633521.0224577988,2386.1156435384573,"Los Angeles, CA"
2019-07-31,635454.0,"Los Angeles, CA",634469.1807868434,2395.6022811912976,"Los Angeles, CA"
2019-08-31,637717.0,"Los Angeles, CA",638292.5890165395,2405.4482151136367,"Los Angeles, CA"
2019-09-30,641615.0,"Los Angeles, CA",644513.3930016179,2410.6675189543766,"Los Angeles, CA"
2019-10-31,641310.0,"Los Angeles, CA",651123.4629812335,2413.568180777888,"Los Angeles, CA"
2019-11-30,645077.0,"Los Angeles, CA",657149.6298113934,2413.945841967364,"Los Angeles, CA"
2019-12-31,650281.0,"Los Angeles, CA",662619.2760612547,2417.5369308286563,"Los Angeles, CA"
2020-01-31,657079.0,"Los Angeles, CA",665952.2865867377,2423.417425334218,"Los Angeles, CA"
2020-02-29,662273.0,"Los Angeles, CA",667750.0340306048,2430.3342384212583,"Los Angeles, CA"
2020-03-31,665494.0,"Los Angeles, CA",668886.713773533,2431.525939989958,"Los Angeles, CA"
2020-04-30,659000.0,"Los Angeles, CA",670172.1513435644,1257.747031214701,"Los Angeles, CA"
2020-05-31,651676.0,"Los Angeles, CA",669477.9100642408,1255.3571575280914,"Los Angeles, CA"
2020-06-30,648334.0,"Los Angeles, CA",666842.7026315146,1259.2441445532259,"Los Angeles, CA"
2020-07-31,663259.0,"Los Angeles, CA",666657.6846228001,2382.7554044898884,"Los Angeles, CA"
2020-08-31,685913.0,"Los Angeles, CA",671721.7464899343,2382.122500372294,"Los Angeles, CA"
2020-09-30,707923.0,"Los Angeles, CA",682318.6970271138,2383.209734341775,"Los Angeles, CA"
2020-10-31,721213.0,"Los Angeles, CA",694946.1078366885,2384.0976535529376,"Los Angeles, CA"
2020-11-30,728228.0,"Los Angeles, CA",708947.6030553299,2391.9734880080105,"Los Angeles, CA"
2020-12-31,730782.0,"Los Angeles, CA",722452.7523352955,2393.059847385382,"Los Angeles, CA"
2021-01-31,732694.0,"Los Angeles, CA",731677.8670195942,2394.3386030346346,"Los Angeles, CA"
2021-02-28,741376.0,"Los Angeles, CA",737605.1143153774,2398.0455350005805,"Los Angeles, CA"
2021-03-31,753488.0,"Los Angeles, CA",741085.2300418988,2412.4517803997787,"Los Angeles, CA"
2021-04-30,771200.0,"Los Angeles, CA",748093.8094437207,2433.1019517471427,"Los Angeles, CA"
2021-05-31,787484.0,"Los Angeles, CA",757806.1042761941,2461.3376595942395,"Los Angeles, CA"
2021-06-30,800915.0,"Los Angeles, CA",769646.1229253277,2498.278000739361,"Los Angeles, CA"
2021-07-31,805471.0,"Los Angeles, CA",781848.7461811481,2546.8192707061544,"Los Angeles, CA"
2021-08-31,809231.0,"Los Angeles, CA",791782.8217683827,2605.357722137805,"Los Angeles, CA"
2021-09-30,812744.0,"Los Angeles, CA",800090.382802738,2652.633909940705,"Los Angeles, CA"
2021-10-31,820462.0,"Los Angeles, CA",807819.2739007128,2687.71382476265,"Los Angeles, CA"
2021-11-30,827403.0,"Los Angeles, CA",816896.4962499231,2704.791673928132,"Los Angeles, CA"
2021-12-31,837896.0,"Los Angeles, CA",827423.8949031023,2724.698570074013,"Los Angeles, CA"
2022-01-31,845381.0,"Los Angeles, CA",839426.1728514532,2741.837613642072,"Los Angeles, CA"
2022-02-28,855967.0,"Los Angeles, CA",853256.8100764087,2767.0204594535244,"Los Angeles, CA"
2022-03-31,869916.0,"Los Angeles, CA",868678.0550609468,2795.4397347751383,"Los Angeles, CA"
2022-04-30,891677.0,"Los Angeles, CA",882919.0719282976,2829.4527640868423,"Los Angeles, CA"
2022-05-31,904875.0,"Los Angeles, CA",894278.1947891582,2863.2255519504897,"Los Angeles, CA"
2022-06-30,903309.0,"Los Angeles, CA",900738.4746851132,2888.255091970581,"Los Angeles, CA"
2022-07-31,886535.0,"Los Angeles, CA",902446.8813650084,2909.795304058703,"Los Angeles, CA"
2022-08-31,871617.0,"Los Angeles, CA",899148.225111964,2923.2544381485623,"Los Angeles, CA"
2022-09-30,859954.0,"Los Angeles, CA",893257.2500638902,2930.609295222916,"Los Angeles, CA"
2022-10-31,856337.0,"Los Angeles, CA",887956.9293365134,2925.944799345214,"Los Angeles, CA"
2022-11-30,849322.0,"Los Angeles, CA",884296.4505183451,2917.8482967373466,"Los Angeles, CA"
2022-12-31,840678.0,"Los Angeles, CA",880012.0474205688,2909.862264290903,"Los Angeles, CA"
2023-01-31,835434.0,"Los Angeles, CA",871774.8716453415,2904.8460758269403,"Los Angeles, CA"
2018-08-31,686459.0,"Napa, CA",660238.6456693908,2357.707422482617,"Napa, CA"
2018-09-30,669143.0,"Napa, CA",660865.638332343,2323.872630593348,"Napa, CA"
2018-10-31,659072.0,"Napa, CA",663717.9504608972,2326.931958618284,"Napa, CA"
2018-11-30,650023.0,"Napa, CA",666761.8631850866,2289.9435549980026,"Napa, CA"
2018-12-31,674003.0,"Napa, CA",668657.4593658275,2317.5907678794515,"Napa, CA"
2019-01-31,675833.0,"Napa, CA",670471.8165203441,2307.690000639196,"Napa, CA"
2019-02-28,660379.0,"Napa, CA",671756.7058609151,2351.412601972922,"Napa, CA"
2019-03-31,640783.0,"Napa, CA",673746.9410279756,2357.361325145358,"Napa, CA"
2019-04-30,643241.0,"Napa, CA",675083.9267599665,2384.6323324418463,"Napa, CA"
2019-05-31,662667.0,"Napa, CA",676757.56042301,2390.3833108378726,"Napa, CA"
2019-06-30,668274.0,"Napa, CA",678273.9425212307,2402.004086053469,"Napa, CA"
2019-07-31,660951.0,"Napa, CA",679452.2920586875,2419.9147960338046,"Napa, CA"
2019-08-31,648811.0,"Napa, CA",681009.5048723933,2426.773559978189,"Napa, CA"
2019-09-30,665863.0,"Napa, CA",682749.7883135666,2433.2947243499198,"Napa, CA"
2019-10-31,688127.0,"Napa, CA",684850.1345125838,2432.41608446619,"Napa, CA"
2019-11-30,680137.0,"Napa, CA",686663.5262466429,2419.3037597336142,"Napa, CA"
2019-12-31,666113.0,"Napa, CA",687311.7265533154,2404.474568162143,"Napa, CA"
2020-01-31,663864.0,"Napa, CA",687628.3131437126,2395.6201761948164,"Napa, CA"
2020-02-29,672596.0,"Napa, CA",689810.154413706,2407.4405140636445,"Napa, CA"
2020-03-31,684843.0,"Napa, CA",693682.3250688718,2409.995548957067,"Napa, CA"
2020-04-30,680924.0,"Napa, CA",697788.1945288433,2408.829259916789,"Napa, CA"
2020-05-31,667461.0,"Napa, CA",697914.6859065163,2421.564308948441,"Napa, CA"
2020-06-30,648476.0,"Napa, CA",696454.203097469,2441.043135524276,"Napa, CA"
2020-07-31,654329.0,"Napa, CA",694773.8980511691,2479.8693578891134,"Napa, CA"
2020-08-31,718832.0,"Napa, CA",699025.433531375,2494.614291482531,"Napa, CA"
2020-09-30,765972.0,"Napa, CA",709216.8698242372,2537.6720274619483,"Napa, CA"
2020-10-31,766417.0,"Napa, CA",724581.2820203872,2538.7824551845715,"Napa, CA"
2020-11-30,747445.0,"Napa, CA",740933.6128295729,2546.370721427823,"Napa, CA"
2020-12-31,741015.0,"Napa, CA",755623.7403581669,2557.513071474656,"Napa, CA"
2021-01-31,746383.0,"Napa, CA",767755.8796377378,2554.0830096299537,"Napa, CA"
2021-02-28,749104.0,"Napa, CA",779059.056846763,2571.8613246415757,"Napa, CA"
2021-03-31,759160.0,"Napa, CA",791228.2467111582,2549.2849068168243,"Napa, CA"
2021-04-30,802585.0,"Napa, CA",804165.0377245395,2562.8409111934866,"Napa, CA"
2021-05-31,819434.0,"Napa, CA",818367.7931614538,2580.2841105406483,"Napa, CA"
2021-06-30,808729.0,"Napa, CA",830258.9329281779,2608.2929492573357,"Napa, CA"
2021-07-31,791510.0,"Napa, CA",840389.9051622814,2696.177758454476,"Napa, CA"
2021-08-31,795557.0,"Napa, CA",844235.2886768203,2759.2110948157883,"Napa, CA"
2021-09-30,803222.0,"Napa, CA",845641.3232787546,2800.4016344550228,"Napa, CA"
2021-10-31,808842.0,"Napa, CA",845980.0782523354,2783.4798134585767,"Napa, CA"
2021-11-30,797918.0,"Napa, CA",848668.3910457225,2750.691511756719,"Napa, CA"
2021-12-31,796702.0,"Napa, CA",852640.6653288738,2770.275052096084,"Napa, CA"
2022-01-31,798442.0,"Napa, CA",861274.1411816905,2764.854590412094,"Napa, CA"
2022-02-28,837898.0,"Napa, CA",874607.8311536703,2792.758246012594,"Napa, CA"
2022-03-31,861614.0,"Napa, CA",894014.9572728756,2820.352925205519,"Napa, CA"
2022-04-30,894558.0,"Napa, CA",909902.6240893748,2883.5200796160198,"Napa, CA"
2022-05-31,878227.0,"Napa, CA",921727.7909981782,2926.767270812744,"Napa, CA"
2022-06-30,889586.0,"Napa, CA",925187.0340628936,2949.895823249305,"Napa, CA"
2022-07-31,884258.0,"Napa, CA",921938.3969893242,2983.945317071388,"Napa, CA"
2022-08-31,922453.0,"Napa, CA",912090.225835414,2996.5995883736123,"Napa, CA"
2022-09-30,908275.0,"Napa, CA",899972.2868821188,2988.820947634758,"Napa, CA"
2022-10-31,916462.0,"Napa, CA",892441.7331174252,2955.651447405133,"Napa, CA"
2022-11-30,881975.0,"Napa, CA",888239.7836487464,2933.7152459255485,"Napa, CA"
2022-12-31,864083.0,"Napa, CA",883468.2927795382,2934.355944448799,"Napa, CA"
2023-01-31,831818.0,"Napa, CA",875202.0133968759,2928.23248023992,"Napa, CA"
2018-08-31,582353.0,"Oxnard, CA",602314.7538075537,2274.12554702744,"Oxnard, CA"
2018-09-30,588287.0,"Oxnard, CA",602197.3721396906,2278.3322408295594,"Oxnard, CA"
2018-10-31,594283.0,"Oxnard, CA",603861.6303479541,2285.5011636562717,"Oxnard, CA"
2018-11-30,596611.0,"Oxnard, CA",605081.8272465529,2284.5141331356317,"Oxnard, CA"
2018-12-31,591806.0,"Oxnard, CA",605993.6377099645,2286.871570409021,"Oxnard, CA"
2019-01-31,585361.0,"Oxnard, CA",606703.199629592,2289.7405153463774,"Oxnard, CA"
2019-02-28,586669.0,"Oxnard, CA",607645.2837742864,2300.6517045749115,"Oxnard, CA"
2019-03-31,587879.0,"Oxnard, CA",609406.8135596087,2313.712401918129,"Oxnard, CA"
2019-04-30,591020.0,"Oxnard, CA",610492.816080693,2306.478106815379,"Oxnard, CA"
2019-05-31,593936.0,"Oxnard, CA",611076.9682715341,2309.2553943130342,"Oxnard, CA"
2019-06-30,586148.0,"Oxnard, CA",610755.7707008802,2318.98997207207,"Oxnard, CA"
2019-07-31,585714.0,"Oxnard, CA",610378.5165876669,2342.9766329160266,"Oxnard, CA"
2019-08-31,585843.0,"Oxnard, CA",609874.1766140917,2348.43017209028,"Oxnard, CA"
2019-09-30,594006.0,"Oxnard, CA",609869.2372519954,2348.4894905024967,"Oxnard, CA"
2019-10-31,598515.0,"Oxnard, CA",610655.6721701766,2345.901748437175,"Oxnard, CA"
2019-11-30,598338.0,"Oxnard, CA",612252.8761617368,2353.6496856930366,"Oxnard, CA"
2019-12-31,600615.0,"Oxnard, CA",614217.2052567942,2352.9816980038986,"Oxnard, CA"
2020-01-31,606534.0,"Oxnard, CA",616637.2447390329,2361.581017091747,"Oxnard, CA"
2020-02-29,614674.0,"Oxnard, CA",620148.2140313057,2367.667580861608,"Oxnard, CA"
2020-03-31,616314.0,"Oxnard, CA",625116.2778545757,2371.351191724132,"Oxnard, CA"
2020-04-30,612300.0,"Oxnard, CA",628840.9807570608,2351.7710238109157,"Oxnard, CA"
2020-05-31,607011.0,"Oxnard, CA",630220.0828662539,2343.3935266628514,"Oxnard, CA"
2020-06-30,609193.0,"Oxnard, CA",629157.1081786113,2342.831498573784,"Oxnard, CA"
2020-07-31,618381.0,"Oxnard, CA",629174.4161539319,2368.4992673963134,"Oxnard, CA"
2020-08-31,634412.0,"Oxnard, CA",632136.430292501,2383.9640312675338,"Oxnard, CA"
2020-09-30,656756.0,"Oxnard, CA",638810.9367807239,2404.614671861545,"Oxnard, CA"
2020-10-31,669828.0,"Oxnard, CA",647490.3373744233,2421.266603008641,"Oxnard, CA"
2020-11-30,682838.0,"Oxnard, CA",657885.8675109163,2440.0307102335883,"Oxnard, CA"
2020-12-31,680381.0,"Oxnard, CA",668377.0533672074,2465.546859949201,"Oxnard, CA"
2021-01-31,688738.0,"Oxnard, CA",678382.1217859267,2485.191085768641,"Oxnard, CA"
2021-02-28,690853.0,"Oxnard, CA",687884.0510269935,2496.658371307012,"Oxnard, CA"
2021-03-31,701162.0,"Oxnard, CA",696740.3255046598,2516.856318406825,"Oxnard, CA"
2021-04-30,713816.0,"Oxnard, CA",706637.2492540254,2560.855744739476,"Oxnard, CA"
2021-05-31,725654.0,"Oxnard, CA",717856.4908226476,2597.9085814660675,"Oxnard, CA"
2021-06-30,741447.0,"Oxnard, CA",729907.1454711733,2642.2257855678045,"Oxnard, CA"
2021-07-31,742824.0,"Oxnard, CA",740497.1916061019,2663.2364085225618,"Oxnard, CA"
2021-08-31,751290.0,"Oxnard, CA",746586.3410035311,2700.1459963624843,"Oxnard, CA"
2021-09-30,751616.0,"Oxnard, CA",749826.9443752229,2736.9949867783275,"Oxnard, CA"
2021-10-31,753347.0,"Oxnard, CA",752400.4632303236,2772.03337553939,"Oxnard, CA"
2021-11-30,761537.0,"Oxnard, CA",756912.3945603905,2796.542400344553,"Oxnard, CA"
2021-12-31,773116.0,"Oxnard, CA",762673.4808528902,2812.9722270755938,"Oxnard, CA"
2022-01-31,790175.0,"Oxnard, CA",772364.0948765543,2829.060236938378,"Oxnard, CA"
2022-02-28,801093.0,"Oxnard, CA",786306.9045593425,2856.0544515254383,"Oxnard, CA"
2022-03-31,807658.0,"Oxnard, CA",804079.2994819562,2871.857084694137,"Oxnard, CA"
2022-04-30,822481.0,"Oxnard, CA",820121.392527888,2895.6174377749758,"Oxnard, CA"
2022-05-31,824537.0,"Oxnard, CA",831797.2965800139,2925.0793731683343,"Oxnard, CA"
2022-06-30,826814.0,"Oxnard, CA",837505.5472817122,2926.740559892246,"Oxnard, CA"
2022-07-31,816208.0,"Oxnard, CA",836609.7802898564,2930.0065069630823,"Oxnard, CA"
2022-08-31,802659.0,"Oxnard, CA",830463.1063015446,2929.574212565197,"Oxnard, CA"
2022-09-30,791615.0,"Oxnard, CA",822111.7771965537,2946.920764076529,"Oxnard, CA"
2022-10-31,780173.0,"Oxnard, CA",814739.9096624595,2954.649680872134,"Oxnard, CA"
2022-11-30,784771.0,"Oxnard, CA",808280.3860909933,2953.520893484517,"Oxnard, CA"
2022-12-31,777617.0,"Oxnard, CA",801689.0117703647,2947.9901336511307,"Oxnard, CA"
2023-01-31,769848.0,"Oxnard, CA",794186.0486136338,2947.192436690411,"Oxnard, CA"
2018-08-31,580589.0,"Salinas, CA",528884.9462959686,1945.4393362239264,"Salinas, CA"
2018-09-30,585525.0,"Salinas, CA",530665.4210562009,1952.7720082287783,"Salinas, CA"
2018-10-31,584149.0,"Salinas, CA",533939.1124486937,1947.647991307109,"Salinas, CA"
2018-11-30,605533.0,"Salinas, CA",536673.5135211098,1929.0560007760628,"Salinas, CA"
2018-12-31,604702.0,"Salinas, CA",539356.2893847072,1911.9209749763409,"Salinas, CA"
2019-01-31,591017.0,"Salinas, CA",541252.4378815648,1908.781769929684,"Salinas, CA"
2019-02-28,589248.0,"Salinas, CA",543542.0412753717,1933.4214525900304,"Salinas, CA"
2019-03-31,576376.0,"Salinas, CA",546078.354173856,1953.1050203480029,"Salinas, CA"
2019-04-30,583396.0,"Salinas, CA",548460.3125407457,1974.277472917644,"Salinas, CA"
2019-05-31,583811.0,"Salinas, CA",550077.8002434283,1986.1377024146132,"Salinas, CA"
2019-06-30,582513.0,"Salinas, CA",551690.7924905656,2004.4497203105925,"Salinas, CA"
2019-07-31,591832.0,"Salinas, CA",552908.3638860706,2022.459858479108,"Salinas, CA"
2019-08-31,590558.0,"Salinas, CA",554364.0962354107,2025.1376847205208,"Salinas, CA"
2019-09-30,620768.0,"Salinas, CA",555479.2790052396,2033.920335674638,"Salinas, CA"
2019-10-31,615812.0,"Salinas, CA",557138.3028134167,2031.756952502872,"Salinas, CA"
2019-11-30,635665.0,"Salinas, CA",559215.3320242403,2026.9809638955385,"Salinas, CA"
2019-12-31,628306.0,"Salinas, CA",561845.28752989,2014.71469841,"Salinas, CA"
2020-01-31,645872.0,"Salinas, CA",564602.7496625794,2020.3891284959095,"Salinas, CA"
2020-02-29,644147.0,"Salinas, CA",569055.9507423759,2023.1445440020705,"Salinas, CA"
2020-03-31,644744.0,"Salinas, CA",574186.5504040663,2037.417030082575,"Salinas, CA"
2020-04-30,625624.0,"Salinas, CA",579931.7148569777,2023.1412465681735,"Salinas, CA"
2020-05-31,608181.0,"Salinas, CA",583143.0060704825,2020.2743845536625,"Salinas, CA"
2020-06-30,611823.0,"Salinas, CA",585060.342258871,2020.7393140960835,"Salinas, CA"
2020-07-31,650769.0,"Salinas, CA",586477.9431686443,2039.5617462559917,"Salinas, CA"
2020-08-31,707059.0,"Salinas, CA",591333.6971326392,2064.8399549132214,"Salinas, CA"
2020-09-30,745160.0,"Salinas, CA",599653.4467899335,2076.506797625342,"Salinas, CA"
2020-10-31,764135.0,"Salinas, CA",610394.9041850365,2092.4658902769074,"Salinas, CA"
2020-11-30,765323.0,"Salinas, CA",621693.9833391643,2110.0052960017742,"Salinas, CA"
2020-12-31,754001.0,"Salinas, CA",633239.7051182458,2125.0368892675942,"Salinas, CA"
2021-01-31,747384.0,"Salinas, CA",643595.1444983525,2129.710106816283,"Salinas, CA"
2021-02-28,742175.0,"Salinas, CA",653802.3245211635,2139.8567851647363,"Salinas, CA"
2021-03-31,768129.0,"Salinas, CA",663555.8606979921,2147.060072178719,"Salinas, CA"
2021-04-30,770790.0,"Salinas, CA",674768.6846698154,2175.78394535901,"Salinas, CA"
2021-05-31,769302.0,"Salinas, CA",686950.9547177865,2190.22859778118,"Salinas, CA"
2021-06-30,761563.0,"Salinas, CA",698746.4038552049,2207.663526745531,"Salinas, CA"
2021-07-31,759683.0,"Salinas, CA",708742.0105522621,2227.4948912284203,"Salinas, CA"
2021-08-31,777023.0,"Salinas, CA",715373.293828027,2242.343694286923,"Salinas, CA"
2021-09-30,771946.0,"Salinas, CA",719830.5143714524,2285.240403273212,"Salinas, CA"
2021-10-31,795603.0,"Salinas, CA",724253.5133460091,2299.218458418716,"Salinas, CA"
2021-11-30,779286.0,"Salinas, CA",729783.4405692342,2330.510820162451,"Salinas, CA"
2021-12-31,805393.0,"Salinas, CA",735457.7675936543,2335.1698097778058,"Salinas, CA"
2022-01-31,803208.0,"Salinas, CA",744836.9160520766,2370.709343299011,"Salinas, CA"
2022-02-28,823472.0,"Salinas, CA",758407.9029862519,2369.2199376435315,"Salinas, CA"
2022-03-31,830434.0,"Salinas, CA",776651.8351064023,2367.9086214628483,"Salinas, CA"
2022-04-30,835238.0,"Salinas, CA",792948.5553345927,2371.3083058466204,"Salinas, CA"
2022-05-31,840539.0,"Salinas, CA",804448.3640780152,2411.105227021028,"Salinas, CA"
2022-06-30,819626.0,"Salinas, CA",810262.5901875001,2455.126352538263,"Salinas, CA"
2022-07-31,827007.0,"Salinas, CA",809693.7708350532,2467.4355797733733,"Salinas, CA"
2022-08-31,803831.0,"Salinas, CA",803886.6715003588,2464.705966474905,"Salinas, CA"
2022-09-30,807784.0,"Salinas, CA",795391.6078958223,2489.86035816946,"Salinas, CA"
2022-10-31,784186.0,"Salinas, CA",788639.5006646058,2503.612813590442,"Salinas, CA"
2022-11-30,792519.0,"Salinas, CA",783545.4918358302,2511.4702888858983,"Salinas, CA"
2022-12-31,783602.0,"Salinas, CA",778157.2151870026,2491.785440486374,"Salinas, CA"
2023-01-31,796237.0,"Salinas, CA",771783.3370516124,2499.8885744981826,"Salinas, CA"
2018-08-31,573376.0,"San Diego, CA",581516.373365117,2151.661992468212,"San Diego, CA"
2018-09-30,574550.0,"San Diego, CA",582888.0874383913,2157.9036934361397,"San Diego, CA"
2018-10-31,571037.0,"San Diego, CA",584268.2045063014,2158.65251028492,"San Diego, CA"
2018-11-30,567283.0,"San Diego, CA",584993.3534634272,2155.6228960239173,"San Diego, CA"
2018-12-31,562931.0,"San Diego, CA",584814.8126424528,2151.006617531106,"San Diego, CA"
2019-01-31,569186.0,"San Diego, CA",584616.9149840273,2151.7684673316508,"San Diego, CA"
2019-02-28,571959.0,"San Diego, CA",584819.6821254699,2154.3784984391414,"San Diego, CA"
2019-03-31,573489.0,"San Diego, CA",586330.7682271142,2163.2926272097734,"San Diego, CA"
2019-04-30,570417.0,"San Diego, CA",588093.7790421278,2176.7018972912906,"San Diego, CA"
2019-05-31,568428.0,"San Diego, CA",589137.0615178185,2190.389662300772,"San Diego, CA"
2019-06-30,574681.0,"San Diego, CA",589867.5609252708,2203.2401236016485,"San Diego, CA"
2019-07-31,574670.0,"San Diego, CA",590097.4501944288,2214.229525546264,"San Diego, CA"
2019-08-31,578968.0,"San Diego, CA",591078.3620119761,2224.0401060310865,"San Diego, CA"
2019-09-30,573448.0,"San Diego, CA",591837.9919119785,2230.0151291643506,"San Diego, CA"
2019-10-31,576480.0,"San Diego, CA",593232.3345226393,2234.8470654837583,"San Diego, CA"
2019-11-30,582191.0,"San Diego, CA",595563.404329415,2232.297658003155,"San Diego, CA"
2019-12-31,585202.0,"San Diego, CA",598896.7905458029,2230.3151318206246,"San Diego, CA"
2020-01-31,590619.0,"San Diego, CA",602729.4192053095,2230.312745343,"San Diego, CA"
2020-02-29,592249.0,"San Diego, CA",607047.322727977,2238.031940757714,"San Diego, CA"
2020-03-31,595892.0,"San Diego, CA",611797.8255661195,2245.62595670305,"San Diego, CA"
2020-04-30,593718.0,"San Diego, CA",616701.3548030538,2235.06652535013,"San Diego, CA"
2020-05-31,586135.0,"San Diego, CA",619223.1652189369,2224.010567660932,"San Diego, CA"
2020-06-30,587988.0,"San Diego, CA",619840.9587484522,2220.569728887476,"San Diego, CA"
2020-07-31,600631.0,"San Diego, CA",620154.0884703902,2235.349937677109,"San Diego, CA"
2020-08-31,620540.0,"San Diego, CA",623210.0437627215,2248.018868751184,"San Diego, CA"
2020-09-30,637495.0,"San Diego, CA",629866.8155107336,2260.4221926729583,"San Diego, CA"
2020-10-31,643999.0,"San Diego, CA",638828.5458226822,2273.883355371038,"San Diego, CA"
2020-11-30,650098.0,"San Diego, CA",650107.5264406819,2289.86017167487,"San Diego, CA"
2020-12-31,654033.0,"San Diego, CA",661914.7483531937,2300.645439921407,"San Diego, CA"
2021-01-31,657007.0,"San Diego, CA",673510.6150589003,2307.6785228652952,"San Diego, CA"
2021-02-28,666733.0,"San Diego, CA",684439.004377204,2314.192292170018,"San Diego, CA"
2021-03-31,680018.0,"San Diego, CA",695758.2759089525,2333.0217731164244,"San Diego, CA"
2021-04-30,697014.0,"San Diego, CA",708789.7923572226,2365.8572337495257,"San Diego, CA"
2021-05-31,713352.0,"San Diego, CA",723611.2315271423,2410.717422516948,"San Diego, CA"
2021-06-30,729774.0,"San Diego, CA",738466.121139268,2457.0640098345552,"San Diego, CA"
2021-07-31,739902.0,"San Diego, CA",750854.328777723,2510.078079403616,"San Diego, CA"
2021-08-31,737520.0,"San Diego, CA",758123.9537225348,2571.351682446052,"San Diego, CA"
2021-09-30,737495.0,"San Diego, CA",761669.9059898886,2628.693787301152,"San Diego, CA"
2021-10-31,742008.0,"San Diego, CA",764802.2466707249,2671.1932048467893,"San Diego, CA"
2021-11-30,755191.0,"San Diego, CA",770621.2374499791,2697.765816303874,"San Diego, CA"
2021-12-31,763410.0,"San Diego, CA",779392.2530735111,2715.97568579802,"San Diego, CA"
2022-01-31,770696.0,"San Diego, CA",794389.127316371,2723.714469604052,"San Diego, CA"
2022-02-28,782126.0,"San Diego, CA",814642.0274288134,2745.96882633546,"San Diego, CA"
2022-03-31,800303.0,"San Diego, CA",839359.1239954596,2782.128259834751,"San Diego, CA"
2022-04-30,821606.0,"San Diego, CA",861501.7614624748,2838.6664904546,"San Diego, CA"
2022-05-31,840280.0,"San Diego, CA",878067.2896039054,2886.324209991286,"San Diego, CA"
2022-06-30,838222.0,"San Diego, CA",887268.260796432,2934.281926839588,"San Diego, CA"
2022-07-31,824856.0,"San Diego, CA",887726.5147070404,2973.3024201952217,"San Diego, CA"
2022-08-31,805402.0,"San Diego, CA",880509.1801710121,3008.747252319568,"San Diego, CA"
2022-09-30,797418.0,"San Diego, CA",868601.9329955912,3017.302130754351,"San Diego, CA"
2022-10-31,794630.0,"San Diego, CA",857792.2738934109,3013.3052835466565,"San Diego, CA"
2022-11-30,790251.0,"San Diego, CA",849524.0181716005,2985.888410818397,"San Diego, CA"
2022-12-31,783568.0,"San Diego, CA",842375.0892984662,2965.734147916188,"San Diego, CA"
2023-01-31,782686.0,"San Diego, CA",835466.4055736857,2949.864945231634,"San Diego, CA"
2018-08-31,1138521.0,"San Jose, CA",1158784.3272111006,2932.8927561614687,"San Jose, CA"
2018-09-30,1121256.0,"San Jose, CA",1169495.3918118917,2929.350246192941,"San Jose, CA"
2018-10-31,1133715.0,"San Jose, CA",1177581.7520928408,2918.253081758387,"San Jose, CA"
2018-11-30,1104818.0,"San Jose, CA",1180853.289048898,2900.6058611032336,"San Jose, CA"
2018-12-31,1081306.0,"San Jose, CA",1179077.854289728,2886.815930970414,"San Jose, CA"
2019-01-31,1060308.0,"San Jose, CA",1169053.374898441,2889.410735886078,"San Jose, CA"
2019-02-28,1060675.0,"San Jose, CA",1152091.096350138,2903.89927252745,"San Jose, CA"
2019-03-31,1074964.0,"San Jose, CA",1132404.0526671696,2926.5069795166573,"San Jose, CA"
2019-04-30,1071541.0,"San Jose, CA",1114588.0804451108,2942.313878112217,"San Jose, CA"
2019-05-31,1081461.0,"San Jose, CA",1101267.7616951645,2955.987826337564,"San Jose, CA"
2019-06-30,1088724.0,"San Jose, CA",1089398.4828150554,2970.040383744953,"San Jose, CA"
2019-07-31,1093803.0,"San Jose, CA",1082745.3120067627,2985.9735641669645,"San Jose, CA"
2019-08-31,1072981.0,"San Jose, CA",1079624.5977734637,3000.407991955915,"San Jose, CA"
2019-09-30,1055066.0,"San Jose, CA",1081912.677363396,2997.638846683705,"San Jose, CA"
2019-10-31,1048681.0,"San Jose, CA",1084193.9636020735,2982.8146820595084,"San Jose, CA"
2019-11-30,1064189.0,"San Jose, CA",1086964.6402734676,2965.823587173127,"San Jose, CA"
2019-12-31,1069104.0,"San Jose, CA",1090258.540699524,2960.809575001626,"San Jose, CA"
2020-01-31,1058897.0,"San Jose, CA",1096659.2226870994,2972.436453214868,"San Jose, CA"
2020-02-29,1073555.0,"San Jose, CA",1105933.9035934962,2989.1840224084667,"San Jose, CA"
2020-03-31,1083843.0,"San Jose, CA",1116138.0940822596,3008.9930181110235,"San Jose, CA"
2020-04-30,1109342.0,"San Jose, CA",1120613.2157331568,2996.9319056295994,"San Jose, CA"
2020-05-31,1102389.0,"San Jose, CA",1116046.505511293,2971.227130914457,"San Jose, CA"
2020-06-30,1103953.0,"San Jose, CA",1105237.622407676,2935.882206461644,"San Jose, CA"
2020-07-31,1112091.0,"San Jose, CA",1097700.456397038,2909.6044102803157,"San Jose, CA"
2020-08-31,1130375.0,"San Jose, CA",1099901.0105981396,2872.960720069768,"San Jose, CA"
2020-09-30,1150745.0,"San Jose, CA",1113327.6800777086,2834.337456595363,"San Jose, CA"
2020-10-31,1174697.0,"San Jose, CA",1132550.784107369,2788.1640135771822,"San Jose, CA"
2020-11-30,1181569.0,"San Jose, CA",1156342.104848273,2756.848307483702,"San Jose, CA"
2020-12-31,1188071.0,"San Jose, CA",1179282.8783785305,2730.447251300746,"San Jose, CA"
2021-01-31,1192628.0,"San Jose, CA",1196614.5488426615,2722.4695721351427,"San Jose, CA"
2021-02-28,1198696.0,"San Jose, CA",1207874.2053518388,2725.30043763588,"San Jose, CA"
2021-03-31,1218912.0,"San Jose, CA",1216426.3443727111,2740.678539608348,"San Jose, CA"
2021-04-30,1235176.0,"San Jose, CA",1230566.8525571222,2765.928490134852,"San Jose, CA"
2021-05-31,1257238.0,"San Jose, CA",1249293.769535127,2808.5796117780674,"San Jose, CA"
2021-06-30,1277348.0,"San Jose, CA",1269461.7200273492,2855.4915173078007,"San Jose, CA"
2021-07-31,1286507.0,"San Jose, CA",1287225.2222447523,2911.6211265898214,"San Jose, CA"
2021-08-31,1303422.0,"San Jose, CA",1300346.158195147,2954.343165051638,"San Jose, CA"
2021-09-30,1305238.0,"San Jose, CA",1311021.4204226003,2980.8884957956816,"San Jose, CA"
2021-10-31,1319146.0,"San Jose, CA",1321557.8436922587,2984.960672626069,"San Jose, CA"
2021-11-30,1334892.0,"San Jose, CA",1336046.1894575402,2978.335483017509,"San Jose, CA"
2021-12-31,1354908.0,"San Jose, CA",1356807.257615372,2977.060549791622,"San Jose, CA"
2022-01-31,1357214.0,"San Jose, CA",1388267.7261461543,2992.8410998526924,"San Jose, CA"
2022-02-28,1374290.0,"San Jose, CA",1427148.712054536,3025.154398807319,"San Jose, CA"
2022-03-31,1410153.0,"San Jose, CA",1469131.6341265384,3061.505467927739,"San Jose, CA"
2022-04-30,1462881.0,"San Jose, CA",1501855.0899749277,3105.1518311927075,"San Jose, CA"
2022-05-31,1476921.0,"San Jose, CA",1521261.3262916822,3142.456874661506,"San Jose, CA"
2022-06-30,1458823.0,"San Jose, CA",1522604.7421956535,3195.0660645972166,"San Jose, CA"
2022-07-31,1420049.0,"San Jose, CA",1511390.7320707191,3239.9424613150527,"San Jose, CA"
2022-08-31,1387147.0,"San Jose, CA",1491349.6073938722,3267.695434729562,"San Jose, CA"
2022-09-30,1364067.0,"San Jose, CA",252710.31921768197,3264.609601474553,"San Jose, CA"
2022-10-31,1350004.0,"San Jose, CA",1454324.560734232,3233.391545372394,"San Jose, CA"
2022-11-30,1339088.0,"San Jose, CA",1447308.0581251231,3197.972989905808,"San Jose, CA"
2022-12-31,1325255.0,"San Jose, CA",1443497.7887104724,3175.736698404761,"San Jose, CA"
2023-01-31,1328293.0,"San Jose, CA",1431676.040147266,3181.478132957115,"San Jose, CA"
2018-08-31,578011.0,"San Luis Obispo, CA",592871.1828973343,2193.1782097390246,"San Luis Obispo, CA"
2018-09-30,593434.0,"San Luis Obispo, CA",595040.169260728,2204.462816174956,"San Luis Obispo, CA"
2018-10-31,584768.0,"San Luis Obispo, CA",598016.0688125727,2201.36592479256,"San Luis Obispo, CA"
2018-11-30,587158.0,"San Luis Obispo, CA",600707.1333194176,2214.243225073896,"San Luis Obispo, CA"
2018-12-31,574840.0,"San Luis Obispo, CA",602425.7873440252,2231.4115335977644,"San Luis Obispo, CA"
2019-01-31,580832.0,"San Luis Obispo, CA",602983.4805316633,2245.088008161573,"San Luis Obispo, CA"
2019-02-28,573718.0,"San Luis Obispo, CA",602750.2055163729,2228.6425701398725,"San Luis Obispo, CA"
2019-03-31,576940.0,"San Luis Obispo, CA",602599.1786044228,2215.909775719108,"San Luis Obispo, CA"
2019-04-30,583844.0,"San Luis Obispo, CA",602433.7575479746,2225.4982280510344,"San Luis Obispo, CA"
2019-05-31,580933.0,"San Luis Obispo, CA",602528.6501185879,2249.0725930230965,"San Luis Obispo, CA"
2019-06-30,584367.0,"San Luis Obispo, CA",602118.4452733555,2259.205804873015,"San Luis Obispo, CA"
2019-07-31,580804.0,"San Luis Obispo, CA",602077.5471980093,2266.11230249742,"San Luis Obispo, CA"
2019-08-31,581538.0,"San Luis Obispo, CA",603273.5637266609,2264.2184353175853,"San Luis Obispo, CA"
2019-09-30,583369.0,"San Luis Obispo, CA",606171.4456174806,2263.6739895589085,"San Luis Obispo, CA"
2019-10-31,583785.0,"San Luis Obispo, CA",609824.3041788834,2277.4240217954307,"San Luis Obispo, CA"
2019-11-30,585750.0,"San Luis Obispo, CA",613497.1406570823,2261.7310296107976,"San Luis Obispo, CA"
2019-12-31,585550.0,"San Luis Obispo, CA",616915.295012026,2270.8422239231018,"San Luis Obispo, CA"
2020-01-31,593370.0,"San Luis Obispo, CA",620064.6337779086,2272.1102813687858,"San Luis Obispo, CA"
2020-02-29,601490.0,"San Luis Obispo, CA",623322.9882976823,2310.5244637841947,"San Luis Obispo, CA"
2020-03-31,600179.0,"San Luis Obispo, CA",626566.8593746879,2329.150465950631,"San Luis Obispo, CA"
2020-04-30,583559.0,"San Luis Obispo, CA",628634.5877581636,2329.739588966154,"San Luis Obispo, CA"
2020-05-31,570149.0,"San Luis Obispo, CA",628039.832378272,2316.6613462633354,"San Luis Obispo, CA"
2020-06-30,576529.0,"San Luis Obispo, CA",625628.3770186537,2309.8498680485527,"San Luis Obispo, CA"
2020-07-31,585465.0,"San Luis Obispo, CA",623642.798017349,2315.9665871017487,"San Luis Obispo, CA"
2020-08-31,612782.0,"San Luis Obispo, CA",626611.7401450288,2332.487740541404,"San Luis Obispo, CA"
2020-09-30,619761.0,"San Luis Obispo, CA",635533.2706887623,2325.915542130414,"San Luis Obispo, CA"
2020-10-31,639932.0,"San Luis Obispo, CA",648386.5565820995,2343.5339121070297,"San Luis Obispo, CA"
2020-11-30,648975.0,"San Luis Obispo, CA",662100.9976674219,2344.775466197823,"San Luis Obispo, CA"
2020-12-31,666844.0,"San Luis Obispo, CA",674345.2974674649,2398.337980350902,"San Luis Obispo, CA"
2021-01-31,668101.0,"San Luis Obispo, CA",683831.8675041299,2394.897005782414,"San Luis Obispo, CA"
2021-02-28,660366.0,"San Luis Obispo, CA",692101.1472533032,2421.615471767485,"San Luis Obispo, CA"
2021-03-31,659527.0,"San Luis Obispo, CA",699625.9859431792,2421.4614743160705,"San Luis Obispo, CA"
2021-04-30,685646.0,"San Luis Obispo, CA",709544.8776484559,2442.8155699202757,"San Luis Obispo, CA"
2021-05-31,702277.0,"San Luis Obispo, CA",720329.9821615001,2451.9851761148966,"San Luis Obispo, CA"
2021-06-30,722916.0,"San Luis Obispo, CA",731410.7830932603,2465.359970434718,"San Luis Obispo, CA"
2021-07-31,720981.0,"San Luis Obispo, CA",741034.8446766798,2516.7193453763502,"San Luis Obispo, CA"
2021-08-31,734263.0,"San Luis Obispo, CA",747802.9478839389,2557.953069550422,"San Luis Obispo, CA"
2021-09-30,725045.0,"San Luis Obispo, CA",753082.6957440058,2609.3904133775955,"San Luis Obispo, CA"
2021-10-31,733202.0,"San Luis Obispo, CA",759103.4701366272,2656.3999452438434,"San Luis Obispo, CA"
2021-11-30,734048.0,"San Luis Obispo, CA",767179.8296646035,2691.5418740660207,"San Luis Obispo, CA"
2021-12-31,747632.0,"San Luis Obispo, CA",776352.7859700195,2698.3307650902143,"San Luis Obispo, CA"
2022-01-31,762192.0,"San Luis Obispo, CA",788174.9070394402,2670.5960245738875,"San Luis Obispo, CA"
2022-02-28,780332.0,"San Luis Obispo, CA",803658.7591636552,2678.2250751542674,"San Luis Obispo, CA"
2022-03-31,789729.0,"San Luis Obispo, CA",822863.1594924311,2712.9332034290837,"San Luis Obispo, CA"
2022-04-30,799101.0,"San Luis Obispo, CA",841098.887329163,2803.2811324888958,"San Luis Obispo, CA"
2022-05-31,814997.0,"San Luis Obispo, CA",854926.0104668698,2857.513250753842,"San Luis Obispo, CA"
2022-06-30,837560.0,"San Luis Obispo, CA",862373.9820717139,2890.057083327457,"San Luis Obispo, CA"
2022-07-31,828416.0,"San Luis Obispo, CA",863630.4559279511,2896.2202442767643,"San Luis Obispo, CA"
2022-08-31,809535.0,"San Luis Obispo, CA",859827.2017459812,2873.721185288359,"San Luis Obispo, CA"
2022-09-30,792286.0,"San Luis Obispo, CA",853159.4187880171,2872.007358896347,"San Luis Obispo, CA"
2022-10-31,774671.0,"San Luis Obispo, CA",848152.5710449727,2855.369172853178,"San Luis Obispo, CA"
2022-11-30,788546.0,"San Luis Obispo, CA",845538.1955405629,2913.674761235098,"San Luis Obispo, CA"
2022-12-31,787718.0,"San Luis Obispo, CA",843490.7095481824,2928.30399784485,"San Luis Obispo, CA"
2023-01-31,787223.0,"San Luis Obispo, CA",837369.0381341839,2946.0552517696306,"San Luis Obispo, CA"
2018-08-31,793337.0,"Santa Cruz, CA",783796.0368079036,2683.9685839410004,"Santa Cruz, CA"
2018-09-30,792375.0,"Santa Cruz, CA",784561.6844388017,2660.3807009506486,"Santa Cruz, CA"
2018-10-31,795518.0,"Santa Cruz, CA",787230.4563152692,2642.0055828748605,"Santa Cruz, CA"
2018-11-30,794421.0,"Santa Cruz, CA",789034.9991870136,2627.376574853681,"Santa Cruz, CA"
2018-12-31,792156.0,"Santa Cruz, CA",787985.3930357285,2641.2391504097054,"Santa Cruz, CA"
2019-01-31,805356.0,"Santa Cruz, CA",785231.8917717626,2651.378035643389,"Santa Cruz, CA"
2019-02-28,807971.0,"Santa Cruz, CA",780143.348742181,2669.9908749607343,"Santa Cruz, CA"
2019-03-31,820615.0,"Santa Cruz, CA",777418.0073161828,2679.2030930147475,"Santa Cruz, CA"
2019-04-30,824554.0,"Santa Cruz, CA",776524.986004589,2675.6539815929195,"Santa Cruz, CA"
2019-05-31,826764.0,"Santa Cruz, CA",777995.2929176799,2700.391304009182,"Santa Cruz, CA"
2019-06-30,814613.0,"Santa Cruz, CA",779165.8297350061,2732.96274827914,"Santa Cruz, CA"
2019-07-31,793310.0,"Santa Cruz, CA",780771.9862796585,2755.7397804822854,"Santa Cruz, CA"
2019-08-31,794714.0,"Santa Cruz, CA",782188.2287017301,2741.121514557279,"Santa Cruz, CA"
2019-09-30,770629.0,"Santa Cruz, CA",783404.1539605825,2737.506519892696,"Santa Cruz, CA"
2019-10-31,772394.0,"Santa Cruz, CA",783641.470747706,2740.7054641774084,"Santa Cruz, CA"
2019-11-30,772116.0,"Santa Cruz, CA",783546.6913618468,2716.2581541317454,"Santa Cruz, CA"
2019-12-31,807674.0,"Santa Cruz, CA",783879.0852656466,2707.9972104248404,"Santa Cruz, CA"
2020-01-31,832713.0,"Santa Cruz, CA",785484.1492220039,2718.087513356162,"Santa Cruz, CA"
2020-02-29,823179.0,"Santa Cruz, CA",789653.9125099931,2763.797986870892,"Santa Cruz, CA"
2020-03-31,827540.0,"Santa Cruz, CA",795922.067611191,2773.997704482073,"Santa Cruz, CA"
2020-04-30,803310.0,"Santa Cruz, CA",801170.7043599976,2769.490368936299,"Santa Cruz, CA"
2020-05-31,813396.0,"Santa Cruz, CA",801598.3757478023,2765.119107437207,"Santa Cruz, CA"
2020-06-30,803094.0,"Santa Cruz, CA",800708.735073916,2756.108284945972,"Santa Cruz, CA"
2020-07-31,836257.0,"Santa Cruz, CA",803665.7426453201,2764.8420864694594,"Santa Cruz, CA"
2020-08-31,850237.0,"Santa Cruz, CA",814449.1284931513,2759.761345089424,"Santa Cruz, CA"
2020-09-30,879940.0,"Santa Cruz, CA",829907.4607638404,2783.019422629535,"Santa Cruz, CA"
2020-10-31,882234.0,"Santa Cruz, CA",847147.37556758,2801.466014648932,"Santa Cruz, CA"
2020-11-30,897128.0,"Santa Cruz, CA",864917.0087934892,2824.195321218778,"Santa Cruz, CA"
2020-12-31,882580.0,"Santa Cruz, CA",882258.4397975627,2810.4597930863647,"Santa Cruz, CA"
2021-01-31,911590.0,"Santa Cruz, CA",898769.7729139094,2804.0589285628757,"Santa Cruz, CA"
2021-02-28,921663.0,"Santa Cruz, CA",916257.4377159836,2840.544567911253,"Santa Cruz, CA"
2021-03-31,939815.0,"Santa Cruz, CA",934153.8664838308,2869.2468906335384,"Santa Cruz, CA"
2021-04-30,961247.0,"Santa Cruz, CA",954347.3740472262,2940.966000891478,"Santa Cruz, CA"
2021-05-31,1009730.0,"Santa Cruz, CA",976583.533500031,2949.3142423399327,"Santa Cruz, CA"
2021-06-30,1022409.0,"Santa Cruz, CA",999983.8683073156,3005.518568691834,"Santa Cruz, CA"
2021-07-31,1038988.0,"Santa Cruz, CA",1018271.0270876484,3008.6731208616934,"Santa Cruz, CA"
2021-08-31,1030901.0,"Santa Cruz, CA",1028103.8488731758,3085.3320728474228,"Santa Cruz, CA"
2021-09-30,1029574.0,"Santa Cruz, CA",1031359.8558281031,3150.3638796122177,"Santa Cruz, CA"
2021-10-31,975723.0,"Santa Cruz, CA",1037054.6176532815,3204.6269375865263,"Santa Cruz, CA"
2021-11-30,967403.0,"Santa Cruz, CA",1046122.0356340464,3190.3628075349075,"Santa Cruz, CA"
2021-12-31,979019.0,"Santa Cruz, CA",1058177.7377418347,3208.382100450594,"Santa Cruz, CA"
2022-01-31,1014552.0,"Santa Cruz, CA",1079710.7210375902,3240.653028478669,"Santa Cruz, CA"
2022-02-28,1053892.0,"Santa Cruz, CA",1110515.3124519829,3240.0583688103334,"Santa Cruz, CA"
2022-03-31,1143587.0,"Santa Cruz, CA",1150310.282150083,3254.320102200468,"Santa Cruz, CA"
2022-04-30,1209269.0,"Santa Cruz, CA",1184318.610455989,3271.4584540140195,"Santa Cruz, CA"
2022-05-31,1200726.0,"Santa Cruz, CA",1206970.1951224045,3372.5873194995784,"Santa Cruz, CA"
2022-06-30,1158726.0,"Santa Cruz, CA",1212903.1894253455,3419.415059630144,"Santa Cruz, CA"
2022-07-31,1112949.0,"Santa Cruz, CA",1201233.0826292168,3474.091758508641,"Santa Cruz, CA"
2022-08-31,1136425.0,"Santa Cruz, CA",1179249.0042592548,3496.668853257462,"Santa Cruz, CA"
2022-09-30,1126421.0,"Santa Cruz, CA",1156584.2851114806,3541.5504624784157,"Santa Cruz, CA"
2022-10-31,1162651.0,"Santa Cruz, CA",1141882.1400822697,3573.1352344384622,"Santa Cruz, CA"
2022-11-30,1105353.0,"Santa Cruz, CA",1133025.4077303866,3516.105874057248,"Santa Cruz, CA"
2022-12-31,1058566.0,"Santa Cruz, CA",1125125.336586086,3479.962656782865,"Santa Cruz, CA"
2023-01-31,1004982.0,"Santa Cruz, CA",1115028.944133943,3402.3800583753227,"Santa Cruz, CA"
2018-08-31,518682.0,"Santa Maria, CA",549345.5306084611,2330.233787916576,"Santa Maria, CA"
2018-09-30,535287.0,"Santa Maria, CA",550734.4496810497,2319.870835984171,"Santa Maria, CA"
2018-10-31,559119.0,"Santa Maria, CA",553940.0706653654,2334.265199290324,"Santa Maria, CA"
2018-11-30,569633.0,"Santa Maria, CA",556662.0108528397,2348.8015550781324,"Santa Maria, CA"
2018-12-31,559641.0,"Santa Maria, CA",558247.731541275,2374.378222722824,"Santa Maria, CA"
2019-01-31,572946.0,"Santa Maria, CA",558049.9851151403,2380.606294117,"Santa Maria, CA"
2019-02-28,564386.0,"Santa Maria, CA",557205.3307103878,2382.027943921154,"Santa Maria, CA"
2019-03-31,564482.0,"Santa Maria, CA",557019.5005436816,2377.772815056748,"Santa Maria, CA"
2019-04-30,552566.0,"Santa Maria, CA",557870.8335246509,2371.2189583802774,"Santa Maria, CA"
2019-05-31,553696.0,"Santa Maria, CA",558904.510783184,2396.761486410337,"Santa Maria, CA"
2019-06-30,556939.0,"Santa Maria, CA",559519.5404330712,2424.7022285485245,"Santa Maria, CA"
2019-07-31,550386.0,"Santa Maria, CA",559745.6618439656,2449.7019351612007,"Santa Maria, CA"
2019-08-31,559655.0,"Santa Maria, CA",560952.7192445433,2458.0794995922734,"Santa Maria, CA"
2019-09-30,555579.0,"Santa Maria, CA",562074.5615195361,2458.484914389148,"Santa Maria, CA"
2019-10-31,564119.0,"Santa Maria, CA",563340.6602356107,2465.647383013772,"Santa Maria, CA"
2019-11-30,575135.0,"Santa Maria, CA",564355.959350695,2463.4980483798063,"Santa Maria, CA"
2019-12-31,581399.0,"Santa Maria, CA",565720.4663114265,2477.4432032738123,"Santa Maria, CA"
2020-01-31,589623.0,"Santa Maria, CA",569852.4648793606,2485.4880272968358,"Santa Maria, CA"
2020-02-29,585366.0,"Santa Maria, CA",576841.5649289238,2500.15715135345,"Santa Maria, CA"
2020-03-31,584982.0,"Santa Maria, CA",585946.5716776251,2494.263334264615,"Santa Maria, CA"
2020-04-30,561819.0,"Santa Maria, CA",593837.5485278909,2502.4861421928745,"Santa Maria, CA"
2020-05-31,540911.0,"Santa Maria, CA",598400.2859851308,2498.9458676305426,"Santa Maria, CA"
2020-06-30,544918.0,"Santa Maria, CA",600244.5136038852,2534.095363555609,"Santa Maria, CA"
2020-07-31,578212.0,"Santa Maria, CA",601689.5725202733,2558.43521087766,"Santa Maria, CA"
2020-08-31,633964.0,"Santa Maria, CA",606809.4924778487,2590.044371769964,"Santa Maria, CA"
2020-09-30,691261.0,"Santa Maria, CA",616484.9529000251,2584.1593907703614,"Santa Maria, CA"
2020-10-31,745505.0,"Santa Maria, CA",628848.087642282,2582.4974719901825,"Santa Maria, CA"
2020-11-30,772529.0,"Santa Maria, CA",641680.4744816086,2599.1296432006866,"Santa Maria, CA"
2020-12-31,762220.0,"Santa Maria, CA",654062.7832254978,2636.9459595848857,"Santa Maria, CA"
2021-01-31,716018.0,"Santa Maria, CA",664781.4230331345,2648.364094521827,"Santa Maria, CA"
2021-02-28,733390.0,"Santa Maria, CA",674316.404867187,2667.610163461653,"Santa Maria, CA"
2021-03-31,717551.0,"Santa Maria, CA",683439.6779501361,2718.454329554075,"Santa Maria, CA"
2021-04-30,751095.0,"Santa Maria, CA",694525.0941497501,2789.6941069924887,"Santa Maria, CA"
2021-05-31,728474.0,"Santa Maria, CA",708031.0592546376,2821.172302251726,"Santa Maria, CA"
2021-06-30,752953.0,"Santa Maria, CA",722265.9000299008,2834.180915037284,"Santa Maria, CA"
2021-07-31,733385.0,"Santa Maria, CA",735259.8165751933,2920.782597761727,"Santa Maria, CA"
2021-08-31,736405.0,"Santa Maria, CA",745186.384913269,3033.8919661767727,"Santa Maria, CA"
2021-09-30,717356.0,"Santa Maria, CA",753108.526317519,3121.3738206897315,"Santa Maria, CA"
2021-10-31,738778.0,"Santa Maria, CA",761263.6530253127,3126.304115974412,"Santa Maria, CA"
2021-11-30,735127.0,"Santa Maria, CA",771993.3431680434,3181.309424819196,"Santa Maria, CA"
2021-12-31,738488.0,"Santa Maria, CA",783802.9273800509,3238.7626150561127,"Santa Maria, CA"
2022-01-31,731416.0,"Santa Maria, CA",800469.1926184739,3269.8539361047237,"Santa Maria, CA"
2022-02-28,735685.0,"Santa Maria, CA",820725.9851310701,3272.968321422342,"Santa Maria, CA"
2022-03-31,776590.0,"Santa Maria, CA",846625.05271193,3300.35428648512,"Santa Maria, CA"
2022-04-30,797600.0,"Santa Maria, CA",870698.4083298751,3388.8468708463733,"Santa Maria, CA"
2022-05-31,816339.0,"Santa Maria, CA",890925.0359806657,3443.7634049992234,"Santa Maria, CA"
2022-06-30,809802.0,"Santa Maria, CA",903875.7810342052,3516.527803164652,"Santa Maria, CA"
2022-07-31,805694.0,"Santa Maria, CA",908491.9836602648,3521.974989676346,"Santa Maria, CA"
2022-08-31,787373.0,"Santa Maria, CA",904594.9665890308,3560.734958193876,"Santa Maria, CA"
2022-09-30,757649.0,"Santa Maria, CA",896494.5089803335,3529.621860886087,"Santa Maria, CA"
2022-10-31,748990.0,"Santa Maria, CA",888713.5316364862,3499.1911945285315,"Santa Maria, CA"
2022-11-30,724151.0,"Santa Maria, CA",883353.0170004527,3486.526185689868,"Santa Maria, CA"
2022-12-31,737642.0,"Santa Maria, CA",877811.257683413,3479.0850382828216,"Santa Maria, CA"
2023-01-31,729201.0,"Santa Maria, CA",871979.5141313401,3557.9895171068924,"Santa Maria, CA"
2018-08-31,621500.0,"Santa Rosa, CA",643166.0369518155,2166.4761608469453,"Santa Rosa, CA"
2018-09-30,622337.0,"Santa Rosa, CA",642332.1938567887,2151.5413065763523,"Santa Rosa, CA"
2018-10-31,619665.0,"Santa Rosa, CA",641720.0703271696,2150.3916559166646,"Santa Rosa, CA"
2018-11-30,608876.0,"Santa Rosa, CA",639455.6174011026,2145.1003045995512,"Santa Rosa, CA"
2018-12-31,599016.0,"Santa Rosa, CA",636623.1462309702,2141.784642945241,"Santa Rosa, CA"
2019-01-31,602021.0,"Santa Rosa, CA",633985.8438625353,2131.5765241578497,"Santa Rosa, CA"
2019-02-28,605772.0,"Santa Rosa, CA",632201.3918370873,2130.049454035225,"Santa Rosa, CA"
2019-03-31,606095.0,"Santa Rosa, CA",631595.4100410216,2136.189191391622,"Santa Rosa, CA"
2019-04-30,600142.0,"Santa Rosa, CA",631343.9742988544,2140.762106513793,"Santa Rosa, CA"
2019-05-31,600424.0,"Santa Rosa, CA",631509.3633679217,2157.237932362709,"Santa Rosa, CA"
2019-06-30,601441.0,"Santa Rosa, CA",631729.2741680482,2160.532489289106,"Santa Rosa, CA"
2019-07-31,603262.0,"Santa Rosa, CA",631421.0372640596,2161.9324764882067,"Santa Rosa, CA"
2019-08-31,612764.0,"Santa Rosa, CA",631324.9820992664,2158.900405768335,"Santa Rosa, CA"
2019-09-30,614193.0,"Santa Rosa, CA",631545.9133840188,2151.1788517869195,"Santa Rosa, CA"
2019-10-31,617550.0,"Santa Rosa, CA",631974.6193140129,2146.396198029984,"Santa Rosa, CA"
2019-11-30,607932.0,"Santa Rosa, CA",632631.6842505255,2144.6168770243908,"Santa Rosa, CA"
2019-12-31,605549.0,"Santa Rosa, CA",633149.3338237071,2151.6888185113635,"Santa Rosa, CA"
2020-01-31,604659.0,"Santa Rosa, CA",634647.2464518489,2161.7225050711327,"Santa Rosa, CA"
2020-02-29,608023.0,"Santa Rosa, CA",637753.4736102986,2159.5406521915147,"Santa Rosa, CA"
2020-03-31,610582.0,"Santa Rosa, CA",641581.2584319549,2156.504474958711,"Santa Rosa, CA"
2020-04-30,608502.0,"Santa Rosa, CA",644501.0816975707,2156.962468067351,"Santa Rosa, CA"
2020-05-31,607990.0,"Santa Rosa, CA",643191.9116455129,2152.379256637309,"Santa Rosa, CA"
2020-06-30,619851.0,"Santa Rosa, CA",640050.9441433267,2156.8300735126204,"Santa Rosa, CA"
2020-07-31,644054.0,"Santa Rosa, CA",637256.7936839174,2162.277568987711,"Santa Rosa, CA"
2020-08-31,657794.0,"Santa Rosa, CA",639571.4888697838,2170.326090295157,"Santa Rosa, CA"
2020-09-30,668255.0,"Santa Rosa, CA",646309.157137875,2180.5736133143937,"Santa Rosa, CA"
2020-10-31,669643.0,"Santa Rosa, CA",655814.8051224113,2187.769131736089,"Santa Rosa, CA"
2020-11-30,670040.0,"Santa Rosa, CA",665399.476770355,2203.105849424452,"Santa Rosa, CA"
2020-12-31,663755.0,"Santa Rosa, CA",674339.3079254291,2201.840767582111,"Santa Rosa, CA"
2021-01-31,654414.0,"Santa Rosa, CA",682412.9154911955,2194.2262537102947,"Santa Rosa, CA"
2021-02-28,658152.0,"Santa Rosa, CA",690941.0814397344,2192.678564824608,"Santa Rosa, CA"
2021-03-31,665939.0,"Santa Rosa, CA",700285.5475029349,2200.189408317413,"Santa Rosa, CA"
2021-04-30,682243.0,"Santa Rosa, CA",711288.1450791798,2222.552535620193,"Santa Rosa, CA"
2021-05-31,697867.0,"Santa Rosa, CA",722977.709731562,2253.4263495196474,"Santa Rosa, CA"
2021-06-30,712796.0,"Santa Rosa, CA",732884.5366208669,2285.564605291528,"Santa Rosa, CA"
2021-07-31,717082.0,"Santa Rosa, CA",740432.060852962,2316.0033994663117,"Santa Rosa, CA"
2021-08-31,716372.0,"Santa Rosa, CA",742855.3765012757,2340.1194203101354,"Santa Rosa, CA"
2021-09-30,704882.0,"Santa Rosa, CA",742396.2161684692,2386.273568837764,"Santa Rosa, CA"
2021-10-31,697523.0,"Santa Rosa, CA",740720.5775149129,2397.905759047336,"Santa Rosa, CA"
2021-11-30,697980.0,"Santa Rosa, CA",740852.8306679946,2404.9940517045407,"Santa Rosa, CA"
2021-12-31,710504.0,"Santa Rosa, CA",743402.9659324422,2389.792715269531,"Santa Rosa, CA"
2022-01-31,723199.0,"Santa Rosa, CA",750401.103558445,2420.855666867021,"Santa Rosa, CA"
2022-02-28,740562.0,"Santa Rosa, CA",761608.2261049501,2449.9846608545126,"Santa Rosa, CA"
2022-03-31,755762.0,"Santa Rosa, CA",776847.0764113733,2485.942445448083,"Santa Rosa, CA"
2022-04-30,777436.0,"Santa Rosa, CA",789877.6489462806,2516.444453339896,"Santa Rosa, CA"
2022-05-31,784899.0,"Santa Rosa, CA",799251.8982663634,2535.184239387121,"Santa Rosa, CA"
2022-06-30,786592.0,"Santa Rosa, CA",802058.4012434157,2542.6430524339094,"Santa Rosa, CA"
2022-07-31,778534.0,"Santa Rosa, CA",799222.0161694279,2540.1485077331245,"Santa Rosa, CA"
2022-08-31,765787.0,"Santa Rosa, CA",792386.3584243752,2532.437579008542,"Santa Rosa, CA"
2022-09-30,757607.0,"Santa Rosa, CA",784911.0468548626,2539.432854036457,"Santa Rosa, CA"
2022-10-31,749235.0,"Santa Rosa, CA",780683.4749063986,2532.140553801301,"Santa Rosa, CA"
2022-11-30,763276.0,"Santa Rosa, CA",777773.5455731172,2523.1679164724887,"Santa Rosa, CA"
2022-12-31,757440.0,"Santa Rosa, CA",773880.1696839918,2513.87420947746,"Santa Rosa, CA"
2023-01-31,745937.0,"Santa Rosa, CA",769031.0335385004,2509.7667873133687,"Santa Rosa, CA"
2018-08-31,441059.0,"Seattle, WA",502367.4988373545,1788.7303595866358,"Seattle, WA"
2018-09-30,436474.0,"Seattle, WA",502873.29589348176,1785.203344998991,"Seattle, WA"
2018-10-31,434599.0,"Seattle, WA",501816.1581576695,1776.2572902424608,"Seattle, WA"
2018-11-30,433603.0,"Seattle, WA",500554.61704653833,1768.6037241244433,"Seattle, WA"
2018-12-31,433661.0,"Seattle, WA",499435.3965878522,1765.875417198048,"Seattle, WA"
2019-01-31,435432.0,"Seattle, WA",498489.03982918017,1768.5896492057725,"Seattle, WA"
2019-02-28,442720.0,"Seattle, WA",498275.24541606754,1777.973601388927,"Seattle, WA"
2019-03-31,449537.0,"Seattle, WA",499496.4841082939,1791.8849125010315,"Seattle, WA"
2019-04-30,454609.0,"Seattle, WA",501133.2069454785,1809.7372432063505,"Seattle, WA"
2019-05-31,459708.0,"Seattle, WA",502446.8284833178,1828.3392185316868,"Seattle, WA"
2019-06-30,460296.0,"Seattle, WA",503224.3241745013,1847.149677009752,"Seattle, WA"
2019-07-31,460431.0,"Seattle, WA",503522.2395179527,1859.793560844488,"Seattle, WA"
2019-08-31,457105.0,"Seattle, WA",503791.72791931295,1868.5317517701271,"Seattle, WA"
2019-09-30,458229.0,"Seattle, WA",503911.290828059,1863.550067168518,"Seattle, WA"
2019-10-31,461852.0,"Seattle, WA",505078.0093184386,1858.430445296275,"Seattle, WA"
2019-11-30,463588.0,"Seattle, WA",507281.3744404357,1849.069073530736,"Seattle, WA"
2019-12-31,470615.0,"Seattle, WA",510582.9216118248,1852.1606010915027,"Seattle, WA"
2020-01-31,473848.0,"Seattle, WA",514321.2089471041,1861.488297029602,"Seattle, WA"
2020-02-29,481188.0,"Seattle, WA",518548.4021443028,1878.965959308034,"Seattle, WA"
2020-03-31,485766.0,"Seattle, WA",523238.4161820011,1897.095929616508,"Seattle, WA"
2020-04-30,491743.0,"Seattle, WA",528048.8373071604,1896.3338510783608,"Seattle, WA"
2020-05-31,487344.0,"Seattle, WA",530631.534484779,1885.8882980169085,"Seattle, WA"
2020-06-30,490650.0,"Seattle, WA",531524.0342318701,1872.3043524234065,"Seattle, WA"
2020-07-31,497053.0,"Seattle, WA",532037.3847713098,1871.4880770053076,"Seattle, WA"
2020-08-31,514276.0,"Seattle, WA",535302.6372022597,1868.3212517493885,"Seattle, WA"
2020-09-30,528805.0,"Seattle, WA",541830.4506968564,1852.2952766149456,"Seattle, WA"
2020-10-31,539712.0,"Seattle, WA",550128.1654135959,1825.0743851747125,"Seattle, WA"
2020-11-30,546655.0,"Seattle, WA",559501.4447633416,1795.1695825225852,"Seattle, WA"
2020-12-31,543549.0,"Seattle, WA",568346.5554220115,1772.236226952683,"Seattle, WA"
2021-01-31,546452.0,"Seattle, WA",577013.893165989,1769.6751602941886,"Seattle, WA"
2021-02-28,551226.0,"Seattle, WA",585570.6389700319,1782.0438584992214,"Seattle, WA"
2021-03-31,571179.0,"Seattle, WA",594984.090758489,1809.3821567616533,"Seattle, WA"
2021-04-30,589571.0,"Seattle, WA",605911.5076331246,1843.6816944856653,"Seattle, WA"
2021-05-31,612267.0,"Seattle, WA",618002.9413201632,1886.8042839599484,"Seattle, WA"
2021-06-30,623254.0,"Seattle, WA",629480.6397524205,1938.7941445429467,"Seattle, WA"
2021-07-31,631746.0,"Seattle, WA",638264.4291701119,1992.6629648145508,"Seattle, WA"
2021-08-31,629955.0,"Seattle, WA",642852.1306161918,2041.177990703571,"Seattle, WA"
2021-09-30,628090.0,"Seattle, WA",645079.4605970056,2075.9032640576825,"Seattle, WA"
2021-10-31,629357.0,"Seattle, WA",647091.6104573569,2086.811916595027,"Seattle, WA"
2021-11-30,632353.0,"Seattle, WA",651268.6267306589,2086.435841790999,"Seattle, WA"
2021-12-31,638012.0,"Seattle, WA",658106.3800632046,2078.3373782186677,"Seattle, WA"
2022-01-31,635380.0,"Seattle, WA",670671.7635077884,2078.9647986592063,"Seattle, WA"
2022-02-28,645578.0,"Seattle, WA",688101.1567519857,2094.558027438836,"Seattle, WA"
2022-03-31,666048.0,"Seattle, WA",708147.5820929548,2117.972467370878,"Seattle, WA"
2022-04-30,697791.0,"Seattle, WA",725308.5266501172,2146.929729701318,"Seattle, WA"
2022-05-31,718282.0,"Seattle, WA",735922.4342907598,2177.7816876962097,"Seattle, WA"
2022-06-30,718057.0,"Seattle, WA",738293.6751226472,2214.259037967764,"Seattle, WA"
2022-07-31,699898.0,"Seattle, WA",732156.8005205953,2242.868174246053,"Seattle, WA"
2022-08-31,676502.0,"Seattle, WA",721271.8402378558,2253.301980153494,"Seattle, WA"
2022-09-30,664439.0,"Seattle, WA",709725.4336254103,2246.1327809457816,"Seattle, WA"
2022-10-31,666354.0,"Seattle, WA",701941.7947021654,2229.6796915599,"Seattle, WA"
2022-11-30,660498.0,"Seattle, WA",697139.6344714203,2203.691335636647,"Seattle, WA"
2022-12-31,651598.0,"Seattle, WA",693182.1181444208,2181.9769003265656,"Seattle, WA"
2023-01-31,641397.0,"Seattle, WA",689870.5398003097,2169.8941472693605,"Seattle, WA"
2018-08-31,456260.0,"Truckee, CA",460881.31927630986,1194.791739821124,"Truckee, CA"
2018-09-30,453388.0,"Truckee, CA",463065.5450416599,1196.6343499291959,"Truckee, CA"
2018-10-31,451461.0,"Truckee, CA",465174.1067817562,1195.9794924273572,"Truckee, CA"
2018-11-30,450127.0,"Truckee, CA",466792.7102583532,1196.3616058706464,"Truckee, CA"
2018-12-31,435037.0,"Truckee, CA",467530.4294127298,1198.7328529478189,"Truckee, CA"
2019-01-31,422080.0,"Truckee, CA",467582.91680708335,1200.1217237244005,"Truckee, CA"
2019-02-28,439220.0,"Truckee, CA",467133.2507540681,1204.958861631383,"Truckee, CA"
2019-03-31,444243.0,"Truckee, CA",467063.2505805655,1211.6093654366305,"Truckee, CA"
2019-04-30,463545.0,"Truckee, CA",467481.437008787,1219.5212953351756,"Truckee, CA"
2019-05-31,440781.0,"Truckee, CA",467833.4746784875,1227.6123936280585,"Truckee, CA"
2019-06-30,444216.0,"Truckee, CA",467818.14023956313,1234.1156058452489,"Truckee, CA"
2019-07-31,443821.0,"Truckee, CA",467694.08754052594,1238.6032866120681,"Truckee, CA"
2019-08-31,454773.0,"Truckee, CA",468171.11521349073,1240.5423782665612,"Truckee, CA"
2019-09-30,448402.0,"Truckee, CA",468594.4141897567,1243.9945257673492,"Truckee, CA"
2019-10-31,448887.0,"Truckee, CA",468994.6543498993,1243.5622923678216,"Truckee, CA"
2019-11-30,451752.0,"Truckee, CA",469095.90006194665,1244.1322865996028,"Truckee, CA"
2019-12-31,461756.0,"Truckee, CA",469006.0378268466,1244.8171707968245,"Truckee, CA"
2020-01-31,452952.0,"Truckee, CA",470468.1693440142,1248.0350844652296,"Truckee, CA"
2020-02-29,448956.0,"Truckee, CA",472922.46039368695,1254.832067357102,"Truckee, CA"
2020-03-31,455941.0,"Truckee, CA",476310.7341304032,1260.1476233110932,"Truckee, CA"
2020-04-30,458152.0,"Truckee, CA",477917.3225965469,1257.747031214701,"Truckee, CA"
2020-05-31,454661.0,"Truckee, CA",477114.4045766233,1255.3571575280914,"Truckee, CA"
2020-06-30,454693.0,"Truckee, CA",475602.9217217515,1259.2441445532259,"Truckee, CA"
2020-07-31,485553.0,"Truckee, CA",475774.74523919966,1271.0477783622705,"Truckee, CA"
2020-08-31,508913.0,"Truckee, CA",479231.8718969831,1268.6644185119287,"Truckee, CA"
2020-09-30,539115.0,"Truckee, CA",486231.7433615644,1278.861939580466,"Truckee, CA"
2020-10-31,540287.0,"Truckee, CA",495570.3509200004,1294.5033818874197,"Truckee, CA"
2020-11-30,550605.0,"Truckee, CA",506959.535323573,1297.61651344564,"Truckee, CA"
2020-12-31,543140.0,"Truckee, CA",518355.096212544,1300.328546500122,"Truckee, CA"
2021-01-31,542621.0,"Truckee, CA",529489.7233413709,1305.6506014695647,"Truckee, CA"
2021-02-28,548952.0,"Truckee, CA",541393.2087369618,1314.66059591148,"Truckee, CA"
2021-03-31,561218.0,"Truckee, CA",554223.8589176665,1327.0391718833382,"Truckee, CA"
2021-04-30,562605.0,"Truckee, CA",568126.6921332558,1338.235691302505,"Truckee, CA"
2021-05-31,579773.0,"Truckee, CA",581298.054406029,1359.802038723619,"Truckee, CA"
2021-06-30,585113.0,"Truckee, CA",592514.0488362873,1381.6819841475576,"Truckee, CA"
2021-07-31,609993.0,"Truckee, CA",600048.0850509736,1402.7323635435023,"Truckee, CA"
2021-08-31,620358.0,"Truckee, CA",603781.0048586912,1430.7782336978373,"Truckee, CA"
2021-09-30,635125.0,"Truckee, CA",604429.1073686491,1444.4170231466753,"Truckee, CA"
2021-10-31,619464.0,"Truckee, CA",604593.3345183207,1453.582446964052,"Truckee, CA"
2021-11-30,617166.0,"Truckee, CA",605357.8829252528,1451.8695250906019,"Truckee, CA"
2021-12-31,601463.0,"Truckee, CA",607526.5588913361,1454.552235991721,"Truckee, CA"
2022-01-31,614984.0,"Truckee, CA",613852.4119767155,2053.94870521798,"Truckee, CA"
2022-02-28,600227.0,"Truckee, CA",623405.0933751268,2125.3783037118246,"Truckee, CA"
2022-03-31,601839.0,"Truckee, CA",636124.3708357714,2184.031194757963,"Truckee, CA"
2022-04-30,610434.0,"Truckee, CA",646433.4237723317,2255.986122847977,"Truckee, CA"
2022-05-31,616003.0,"Truckee, CA",653773.987619136,2367.53173189443,"Truckee, CA"
2022-06-30,634235.0,"Truckee, CA",655646.7287053672,2435.277198764786,"Truckee, CA"
2022-07-31,626469.0,"Truckee, CA",652571.4042326697,2356.18455073173,"Truckee, CA"
2022-08-31,621721.0,"Truckee, CA",644721.561463299,2162.6124566091003,"Truckee, CA"
2022-09-30,607543.0,"Truckee, CA",635775.8333651464,2148.1932360842266,"Truckee, CA"
2022-10-31,590069.0,"Truckee, CA",627448.968233684,2156.3967123380507,"Truckee, CA"
2022-11-30,591896.0,"Truckee, CA",620135.4171321411,2289.5082131628774,"Truckee, CA"
2022-12-31,599760.0,"Truckee, CA",612287.1399519705,2256.415215422792,"Truckee, CA"
2023-01-31,581883.0,"Truckee, CA",604769.3012867768,2275.5352381741845,"Truckee, CA"
2018-08-31,566094.0,"Urban Honolulu, HI",670876.724858427,2244.885373519948,"Urban Honolulu, HI"
2018-09-30,560244.0,"Urban Honolulu, HI",672491.3780750626,2240.6752665430254,"Urban Honolulu, HI"
2018-10-31,562086.0,"Urban Honolulu, HI",673648.1025760637,2243.219594121424,"Urban Honolulu, HI"
2018-11-30,563384.0,"Urban Honolulu, HI",673391.9167903551,2242.543191194938,"Urban Honolulu, HI"
2018-12-31,561617.0,"Urban Honolulu, HI",672788.4970147609,2244.3908939989806,"Urban Honolulu, HI"
2019-01-31,565614.0,"Urban Honolulu, HI",671908.3085705083,2247.6267321809064,"Urban Honolulu, HI"
2019-02-28,559750.0,"Urban Honolulu, HI",671709.2472550949,2255.9168168674246,"Urban Honolulu, HI"
2019-03-31,574644.0,"Urban Honolulu, HI",672289.2597554572,2271.8431424888017,"Urban Honolulu, HI"
2019-04-30,572600.0,"Urban Honolulu, HI",673489.4104417814,2284.4673845977245,"Urban Honolulu, HI"
2019-05-31,582603.0,"Urban Honolulu, HI",673990.0513053861,2286.26814864178,"Urban Honolulu, HI"
2019-06-30,584006.0,"Urban Honolulu, HI",673819.0169123925,2276.4569937101437,"Urban Honolulu, HI"
2019-07-31,596149.0,"Urban Honolulu, HI",673239.5887993093,2279.2079295806075,"Urban Honolulu, HI"
2019-08-31,596579.0,"Urban Honolulu, HI",672642.5959466848,2283.5672793414083,"Urban Honolulu, HI"
2019-09-30,592999.0,"Urban Honolulu, HI",672050.6429930162,2290.60101992886,"Urban Honolulu, HI"
2019-10-31,583779.0,"Urban Honolulu, HI",671609.9976386187,2292.345064408802,"Urban Honolulu, HI"
2019-11-30,575078.0,"Urban Honolulu, HI",672437.6743202613,2294.74410920049,"Urban Honolulu, HI"
2019-12-31,577270.0,"Urban Honolulu, HI",673909.8988572471,2296.199873840993,"Urban Honolulu, HI"
2020-01-31,574475.0,"Urban Honolulu, HI",676054.7457459974,2295.7231027613934,"Urban Honolulu, HI"
2020-02-29,587247.0,"Urban Honolulu, HI",678029.1890413498,2306.488436433807,"Urban Honolulu, HI"
2020-03-31,601380.0,"Urban Honolulu, HI",679880.0249832693,2308.567709116373,"Urban Honolulu, HI"
2020-04-30,614361.0,"Urban Honolulu, HI",681586.4841853768,2299.5523127032493,"Urban Honolulu, HI"
2020-05-31,621343.0,"Urban Honolulu, HI",681815.0547662816,2281.676941030268,"Urban Honolulu, HI"
2020-06-30,610779.0,"Urban Honolulu, HI",680505.5928301663,2268.9599082652626,"Urban Honolulu, HI"
2020-07-31,607485.0,"Urban Honolulu, HI",679351.3738464223,2272.580714016373,"Urban Honolulu, HI"
2020-08-31,607048.0,"Urban Honolulu, HI",680637.6417649729,2276.3048723472543,"Urban Honolulu, HI"
2020-09-30,618190.0,"Urban Honolulu, HI",685266.3585563548,2285.8613693044504,"Urban Honolulu, HI"
2020-10-31,615482.0,"Urban Honolulu, HI",691124.3948204272,2275.965639038646,"Urban Honolulu, HI"
2020-11-30,613584.0,"Urban Honolulu, HI",698246.3416246102,2283.206208252907,"Urban Honolulu, HI"
2020-12-31,617497.0,"Urban Honolulu, HI",705372.9319194177,2294.73942152272,"Urban Honolulu, HI"
2021-01-31,627742.0,"Urban Honolulu, HI",712371.1428525458,2315.952155426034,"Urban Honolulu, HI"
2021-02-28,635381.0,"Urban Honolulu, HI",719347.6516418401,2339.748854445847,"Urban Honolulu, HI"
2021-03-31,624256.0,"Urban Honolulu, HI",727058.0598074658,2358.7833566108384,"Urban Honolulu, HI"
2021-04-30,624167.0,"Urban Honolulu, HI",737276.7062993036,2390.35463331463,"Urban Honolulu, HI"
2021-05-31,632121.0,"Urban Honolulu, HI",749256.3628024552,2414.14145383761,"Urban Honolulu, HI"
2021-06-30,638004.0,"Urban Honolulu, HI",762683.6707605342,2422.8657060611954,"Urban Honolulu, HI"
2021-07-31,648134.0,"Urban Honolulu, HI",773528.5866302788,2456.5616630322875,"Urban Honolulu, HI"
2021-08-31,656120.0,"Urban Honolulu, HI",780683.4254599176,2471.703269613188,"Urban Honolulu, HI"
2021-09-30,666912.0,"Urban Honolulu, HI",785249.7336368273,2521.6897272861806,"Urban Honolulu, HI"
2021-10-31,675626.0,"Urban Honolulu, HI",790957.5632463921,2524.744008821378,"Urban Honolulu, HI"
2021-11-30,675822.0,"Urban Honolulu, HI",799428.2847675424,2534.304692591388,"Urban Honolulu, HI"
2021-12-31,691225.0,"Urban Honolulu, HI",808801.6642777087,2537.531317534925,"Urban Honolulu, HI"
2022-01-31,701954.0,"Urban Honolulu, HI",824161.545323125,2532.5546673554395,"Urban Honolulu, HI"
2022-02-28,704708.0,"Urban Honolulu, HI",844531.0867208326,2578.859287540242,"Urban Honolulu, HI"
2022-03-31,705394.0,"Urban Honolulu, HI",869229.2609180304,2588.190016457017,"Urban Honolulu, HI"
2022-04-30,708724.0,"Urban Honolulu, HI",888072.7873674355,2617.363402491908,"Urban Honolulu, HI"
2022-05-31,721592.0,"Urban Honolulu, HI",900315.9719391245,2608.446218082932,"Urban Honolulu, HI"
2022-06-30,732004.0,"Urban Honolulu, HI",905424.9863207072,2617.0384065149683,"Urban Honolulu, HI"
2022-07-31,735866.0,"Urban Honolulu, HI",905275.5416967552,2645.168465321096,"Urban Honolulu, HI"
2022-08-31,726468.0,"Urban Honolulu, HI",900751.754403016,2643.2974707806543,"Urban Honolulu, HI"
2022-09-30,710236.0,"Urban Honolulu, HI",893886.5038394138,2653.0297632932848,"Urban Honolulu, HI"
2022-10-31,707295.0,"Urban Honolulu, HI",888287.4590181224,2637.7854127088244,"Urban Honolulu, HI"
2022-11-30,705736.0,"Urban Honolulu, HI",884266.420354366,2643.8289466418205,"Urban Honolulu, HI"
2022-12-31,700518.0,"Urban Honolulu, HI",879942.595151857,2643.672422908676,"Urban Honolulu, HI"
2023-01-31,678886.0,"Urban Honolulu, HI",873728.843409365,2659.7904959622115,"Urban Honolulu, HI"
